learner_id,language,month,articles_cumulative,distinct_words_encountered,words_known_est,top100_cov,top500_cov,top1000_cov,cefr,known_observed,known_never_looked_up,known_after_lookup,known_after_2plus_lookups
L01,nl,2019-02,19,1459,582,81.6,46.2,31.0,A1,212,212,0,0
L01,nl,2019-03,57,3328,1315,90.5,68.5,52.7,A1,593,592,1,0
L01,nl,2019-04,108,5217,1716,91.8,82.2,68.4,A2,952,938,14,2
L01,nl,2019-05,154,7417,2121,93.9,87.6,78.3,A2,1317,1282,35,5
L01,nl,2019-06,165,7889,2249,96.0,88.7,79.6,A2,1406,1363,43,6
L01,nl,2019-07,172,8370,2323,98.0,90.7,80.9,A2,1487,1436,51,7
L01,nl,2019-08,191,8962,2392,99.0,90.8,81.8,A2,1567,1507,60,8
L01,nl,2019-09,215,9968,2501,99.0,91.6,83.3,B1,1694,1622,72,9
L01,nl,2019-10,301,13180,2816,99.0,94.4,87.7,B1,2057,1955,102,13
L01,nl,2019-11,407,16078,3081,99.0,95.9,91.2,B1,2373,2249,124,18
L01,nl,2019-12,581,20311,3410,100.0,98.4,93.9,B2,2773,2598,175,22
L01,nl,2020-01,782,24472,3676,100.0,99.0,95.7,B2,3106,2876,230,29
L01,nl,2020-02,907,26670,3759,100.0,99.0,95.5,C1,3232,2979,253,34
L01,nl,2020-04,1175,30004,3916,100.0,99.0,96.0,C1,3436,3152,284,39
L01,nl,2020-05,1220,30524,3924,100.0,99.0,95.9,C1,3453,3164,289,41
L01,nl,2020-07,1337,32085,3998,100.0,99.6,96.5,C1,3545,3249,296,42
L01,nl,2020-08,1342,32161,4005,100.0,99.6,96.5,C1,3551,3254,297,43
L01,nl,2020-09,1514,34475,4066,100.0,99.6,96.6,C1,3639,3330,309,43
L01,nl,2020-10,1725,37081,4147,100.0,99.6,97.0,C1,3743,3414,329,47
L01,nl,2020-11,1927,39452,4214,100.0,99.4,97.3,C1,3835,3492,343,48
L01,nl,2020-12,2054,40817,4232,100.0,99.4,97.6,C1,3874,3522,352,50
L01,nl,2021-02,2061,40878,4234,100.0,99.4,97.6,C1,3875,3523,352,50
L01,nl,2021-03,2270,43236,4281,100.0,99.4,98.1,C1,3943,3582,361,52
L01,nl,2021-04,2313,43582,4290,100.0,99.4,97.9,C1,3957,3592,365,51
L01,nl,2021-05,2350,43920,4306,100.0,99.4,97.9,C1,3972,3604,368,53
L01,nl,2021-06,2400,44297,4315,100.0,99.4,98.0,C1,3981,3612,369,53
L01,nl,2021-07,2449,44585,4324,100.0,99.4,98.0,C1,3991,3622,369,53
L01,nl,2021-08,2459,44724,4322,100.0,99.4,98.0,C1,3992,3623,369,53
L01,nl,2021-09,2497,44958,4331,100.0,99.4,98.2,C1,4000,3631,369,53
L01,nl,2021-10,2522,45138,4330,100.0,99.4,98.2,C1,4005,3636,369,53
L01,nl,2021-11,2631,46042,4348,100.0,99.4,98.2,C1,4034,3659,375,53
L01,nl,2021-12,2780,47256,4365,100.0,99.4,98.4,C1,4063,3676,387,56
L01,nl,2022-04,2806,47585,4366,100.0,99.4,98.4,C1,4066,3679,387,56
L01,nl,2022-09,2854,48365,4374,100.0,99.4,98.4,C1,4077,3686,391,57
L02,da,2023-03,2,384,0,0.0,0.0,0.0,A1,0,0,0,0
L02,da,2023-04,4,549,81,45.9,12.3,8.1,A1,35,35,0,0
L02,da,2023-05,10,1183,223,67.4,31.3,18.1,A1,120,120,0,0
L02,da,2023-06,12,1241,251,70.0,33.1,18.9,A1,130,129,1,0
L02,da,2023-08,13,1450,323,75.8,40.3,22.9,A1,170,169,1,0
L02,da,2023-09,14,1555,363,81.3,42.5,24.5,A1,188,187,1,0
L02,da,2023-10,16,1709,483,84.8,50.5,30.5,A1,243,241,2,0
L02,da,2023-11,20,1971,615,81.7,53.7,34.5,A1,285,280,5,0
L02,da,2023-12,21,1985,668,81.7,53.6,34.7,A1,293,288,5,0
L02,da,2024-01,27,2458,888,90.3,61.4,41.8,A1,398,384,14,0
L02,da,2024-02,30,2668,962,90.3,65.2,45.8,A1,447,433,14,0
L02,da,2024-03,41,3316,1215,94.7,72.7,54.3,A1,585,565,20,1
L02,da,2024-04,52,4125,1509,93.9,77.2,62.0,A2,771,750,21,1
L02,da,2024-05,69,5345,1748,98.0,86.1,69.6,A2,1007,981,26,1
L02,da,2024-06,82,6027,1951,98.0,88.6,73.3,A2,1152,1121,31,1
L02,da,2024-07,90,6555,2069,98.0,89.4,75.6,A2,1247,1214,33,1
L02,da,2024-08,108,7510,2238,98.0,90.0,77.7,A2,1404,1368,36,2
L02,da,2024-09,126,8501,2360,98.0,91.3,79.0,A2,1531,1491,40,2
L02,da,2024-10,137,8979,2427,99.0,91.5,80.1,A2,1599,1555,44,3
L02,da,2024-11,154,9849,2594,99.0,93.6,82.5,B1,1751,1704,47,4
L02,da,2024-12,166,10321,2637,99.0,94.2,83.4,B1,1809,1762,47,4
L02,da,2025-01,178,10743,2700,99.0,94.0,84.5,B1,1866,1819,47,4
L02,da,2025-02,200,11522,2781,99.0,94.5,85.4,B1,1951,1902,49,4
L02,da,2025-03,219,12172,2874,99.0,94.7,86.5,B1,2031,1981,50,4
L02,da,2025-04,228,12445,2918,99.0,94.7,86.9,B1,2073,2020,53,4
L02,da,2025-05,232,12558,2928,99.0,94.7,86.9,B1,2084,2031,53,4
L02,da,2025-06,236,12645,2940,99.0,94.9,87.0,B1,2094,2040,54,5
L02,da,2025-07,237,12693,2941,99.0,94.9,87.0,B1,2098,2044,54,5
L02,da,2025-08,241,12818,2961,99.0,94.9,87.0,B1,2114,2060,54,5
L02,da,2025-10,246,12995,2980,99.0,94.7,87.1,B1,2130,2076,54,5
L02,da,2025-11,249,13249,2992,99.0,94.5,87.4,B1,2151,2096,55,5
L02,da,2025-12,250,13278,2995,99.0,94.5,87.4,B1,2153,2098,55,5
L02,da,2026-01,253,13447,3009,99.0,94.5,87.7,B1,2173,2118,55,5
L03,da,2025-04,6,720,177,62.8,23.6,13.7,A1,91,90,1,0
L03,da,2025-06,7,816,211,71.3,28.4,15.5,A1,111,109,2,0
L03,da,2025-07,8,838,231,73.6,29.2,15.9,A1,115,111,4,1
L03,da,2025-09,9,887,263,80.5,34.0,18.8,A1,134,129,5,1
L03,da,2025-10,20,1405,432,86.5,48.6,32.4,A1,242,230,12,2
L03,da,2025-11,67,2920,985,96.0,75.5,55.6,A1,548,495,53,9
L03,da,2025-12,69,2991,1007,96.0,75.2,55.9,A1,560,505,55,10
L03,da,2026-01,78,3234,1137,97.0,77.9,59.8,A1,628,566,62,12
L03,da,2026-02,93,3951,1241,97.0,79.1,62.6,A1,717,639,78,15
L03,da,2026-03,117,4679,1499,99.0,83.8,67.7,A1,888,781,107,27
L03,da,2026-04,117,4679,1499,99.0,83.8,67.7,A1,888,781,107,27
L03,da,2026-06,118,4769,1506,99.0,84.0,68.0,A2,895,787,108,27
L03,da,2026-07,118,4769,1504,99.0,84.0,68.0,A2,894,785,109,27
L04,fr,2025-09,1,165,0,0.0,0.0,0.0,A1,0,0,0,0
L04,fr,2025-10,16,1216,770,75.3,42.4,29.7,A1,217,217,0,0
L04,fr,2025-11,67,3071,1455,85.9,62.6,52.6,A1,609,572,37,6
L04,fr,2025-12,100,3758,1542,88.3,67.9,55.8,A2,733,673,60,14
L04,fr,2026-02,100,3758,1542,88.3,67.9,55.8,A2,733,673,60,14
L04,fr,2026-03,107,4102,1636,88.4,69.0,57.5,A2,809,739,70,19
L04,fr,2026-04,107,4102,1636,88.4,69.0,57.5,A2,809,738,71,19
L04,fr,2026-05,109,4197,1646,88.4,69.2,58.2,A2,825,753,72,20
L04,fr,2026-06,116,4395,1672,90.5,70.9,60.1,A2,869,783,86,24
L05,nl,2025-07,14,1579,348,69.6,36.8,23.6,A1,160,159,1,0
L05,nl,2025-08,29,3055,881,86.7,58.1,42.9,A1,422,418,4,0
L05,nl,2025-09,37,3642,1025,92.9,67.4,51.0,A1,539,535,4,0
L05,nl,2025-10,47,4477,1225,92.9,74.3,56.9,A1,672,662,10,0
L05,nl,2025-11,55,4868,1379,92.9,77.9,61.3,A1,767,754,13,1
L05,nl,2025-12,64,5484,1537,92.9,81.3,66.6,A2,878,861,17,1
L05,nl,2026-01,68,5749,1562,93.9,82.0,68.0,A2,909,890,19,1
L05,nl,2026-02,75,6018,1622,94.9,83.0,69.9,A2,957,937,20,0
L05,nl,2026-03,81,6310,1645,98.0,83.9,70.2,A2,999,971,28,2
L05,nl,2026-04,95,7037,1757,100.0,86.2,72.5,A2,1112,1080,32,2
L05,nl,2026-05,101,7300,1803,100.0,87.1,74.2,A2,1158,1122,36,3
L05,nl,2026-06,107,7486,1839,100.0,88.0,74.7,A2,1195,1158,37,4
L05,nl,2026-07,116,7738,1915,100.0,89.5,77.4,A2,1255,1212,43,6
L06,fr,2025-09,1,193,0,0.0,0.0,0.0,A1,0,0,0,0
L06,fr,2025-10,25,2145,871,85.1,49.8,36.6,A1,341,334,7,1
L06,fr,2025-11,43,2643,1169,86.4,55.2,44.0,A1,475,459,16,2
L06,fr,2026-01,58,3904,1556,86.5,69.8,58.9,A2,794,759,35,5
L06,fr,2026-02,75,4882,1947,93.8,80.5,67.9,A2,1097,1026,71,13
L06,fr,2026-03,83,5434,2159,95.9,83.8,72.8,A2,1256,1162,94,17
L06,fr,2026-05,99,6372,2392,96.9,87.5,76.9,A2,1452,1326,126,23
L06,fr,2026-06,109,6815,2528,98.0,88.7,78.9,B1,1576,1439,137,25
L07,fr,2019-09,1,212,0,0.0,0.0,0.0,A1,0,0,0,0
L07,fr,2019-11,5,709,118,51.3,16.0,8.7,A1,54,54,0,0
L07,fr,2020-01,10,1619,438,82.8,41.7,28.0,A1,210,209,1,0
L07,fr,2020-03,18,2637,753,85.9,57.2,38.3,A1,389,384,5,1
L07,fr,2020-04,21,2993,900,86.0,62.1,43.8,A1,473,465,8,1
L07,fr,2020-05,58,5492,2014,92.8,85.9,73.9,A2,1218,1125,93,11
L07,fr,2020-06,72,6156,2155,92.8,87.6,76.8,A2,1357,1234,123,17
L07,fr,2020-09,81,6723,2217,93.9,88.4,77.8,A2,1445,1305,140,22
L07,fr,2020-10,82,6772,2221,93.9,88.2,77.4,A2,1448,1304,144,23
L07,fr,2020-11,85,7007,2259,93.9,87.6,77.7,A2,1490,1324,166,28
L07,fr,2020-12,87,7177,2291,93.9,88.0,78.3,A2,1524,1345,179,34
L07,fr,2021-01,88,7244,2318,93.9,89.1,78.9,A2,1547,1359,188,35
L08,fr,2024-09,4,956,106,42.5,13.8,7.5,A1,52,52,0,0
L08,fr,2024-10,7,1343,226,58.8,22.4,12.1,A1,96,96,0,0
L08,fr,2024-11,10,1645,347,66.3,29.1,16.9,A1,140,137,3,0
L08,fr,2025-02,26,2925,738,81.5,50.5,36.3,A1,388,359,29,3
L08,fr,2025-03,29,3138,844,83.0,54.0,40.3,A1,454,414,40,5
L08,fr,2025-05,31,3269,916,83.0,56.3,42.3,A1,493,443,50,6
L08,fr,2025-06,41,4060,1262,84.4,63.7,51.3,A1,702,628,74,10
L08,fr,2025-09,53,4779,1587,87.6,71.3,58.8,A2,913,804,109,23
L08,fr,2025-10,56,4894,1619,87.6,72.3,59.8,A2,939,828,111,24
L08,fr,2025-11,69,5455,1813,88.7,78.5,65.7,A2,1091,955,136,26
L08,fr,2025-12,70,5522,1822,89.7,78.5,65.7,A2,1098,962,136,26
L08,fr,2026-01,72,5599,1854,90.7,79.7,67.1,A2,1127,983,144,27
L08,fr,2026-02,75,5751,1887,91.8,80.9,67.8,A2,1159,1000,159,29
L08,fr,2026-03,80,6039,1933,94.8,81.8,69.2,A2,1213,1038,175,35
L09,en,2019-09,22,2916,1580,94.7,74.6,59.3,A2,777,776,1,0
L09,en,2019-10,68,5093,2403,97.9,87.8,76.1,A2,1490,1477,13,1
L09,en,2019-11,79,5445,2466,96.9,88.1,77.5,A2,1569,1551,18,2
L10,fr,2024-09,1,194,0,0.0,0.0,0.0,A1,0,0,0,0
L10,fr,2024-10,5,1249,271,64.9,26.8,14.4,A1,106,106,0,0
L10,fr,2024-11,8,1627,489,68.4,37.9,24.7,A1,182,182,0,0
L10,fr,2024-12,11,1836,675,70.9,42.3,28.3,A1,241,241,0,0
L10,fr,2025-01,15,2105,818,70.7,47.5,35.1,A1,301,300,1,0
L10,fr,2025-02,18,2490,933,73.8,54.5,41.5,A1,386,381,5,0
L10,fr,2025-03,24,3213,1245,84.9,66.6,51.5,A1,593,575,18,2
L10,fr,2025-04,25,3310,1291,84.9,67.7,53.3,A1,627,606,21,2
L10,fr,2025-05,28,3629,1411,85.7,70.3,54.9,A1,700,675,25,2
L10,fr,2025-11,31,3783,1523,90.2,73.3,57.4,A2,769,738,31,3
L10,fr,2025-12,34,4052,1639,93.5,75.3,59.9,A2,847,810,37,4
L10,fr,2026-02,39,4397,1786,93.5,77.6,63.2,A2,951,904,47,4
L10,fr,2026-03,48,4918,2008,94.6,82.4,69.7,A2,1125,1063,62,6
L10,fr,2026-04,52,5183,2127,95.7,83.5,71.7,A2,1209,1143,66,7
L10,fr,2026-05,56,5443,2188,95.7,84.1,72.8,A2,1268,1193,75,7
L10,fr,2026-06,74,6271,2460,96.8,86.8,77.8,A2,1483,1392,91,15
L11,fr,2018-11,1,172,0,0.0,0.0,0.0,A1,0,0,0,0
L11,fr,2018-12,2,229,0,0.0,0.0,0.0,A1,0,0,0,0
L11,fr,2019-02,5,564,211,63.1,21.1,13.7,A1,66,66,0,0
L11,fr,2019-03,6,742,243,63.8,25.8,16.5,A1,81,81,0,0
L11,fr,2019-06,12,1394,595,73.9,39.3,29.7,A1,214,213,1,0
L11,fr,2019-10,13,1574,656,72.8,44.0,33.1,A1,254,252,2,0
L11,fr,2019-12,14,1714,712,73.9,46.2,34.3,A1,276,273,3,0
L11,fr,2020-01,15,1823,775,75.0,47.3,36.8,A1,305,301,4,0
L11,fr,2020-03,18,1921,830,75.3,46.8,36.8,A1,318,313,5,1
L11,fr,2020-04,23,2082,864,74.7,47.2,36.9,A1,342,335,7,1
L11,fr,2020-06,27,2162,888,77.1,49.5,38.2,A1,364,354,10,1
L11,fr,2020-10,28,2274,944,79.2,50.7,39.2,A1,386,376,10,1
L11,fr,2021-04,31,2367,973,80.2,52.4,40.7,A1,409,397,12,1
L11,fr,2021-10,35,2584,1115,81.4,60.2,47.0,A1,490,473,17,1
L11,fr,2021-11,39,2729,1189,84.5,62.1,49.6,A1,532,512,20,1
L11,fr,2021-12,45,2954,1290,86.6,68.1,53.7,A1,604,577,27,1
L11,fr,2022-01,47,3032,1326,86.6,69.8,55.4,A1,631,600,31,1
L11,fr,2022-02,52,3149,1355,87.6,70.5,56.0,A1,658,623,35,1
L11,fr,2022-03,54,3245,1411,87.6,71.7,56.9,A1,685,647,38,1
L11,fr,2022-04,55,3321,1420,87.6,73.8,57.9,A1,706,664,42,1
L11,fr,2022-05,57,3504,1503,88.7,75.5,59.8,A2,768,720,48,1
L11,fr,2022-06,58,3578,1511,88.8,76.3,60.9,A2,786,735,51,1
L11,fr,2022-11,60,3651,1544,89.8,76.9,61.2,A2,806,754,52,1
L11,fr,2022-12,65,3906,1658,93.9,79.2,64.2,A2,894,832,62,2
L11,fr,2023-02,67,3962,1675,93.9,79.8,64.7,A2,909,846,63,2
L12,fr,2024-10,4,563,198,44.4,15.6,10.5,A1,47,47,0,0
L12,fr,2024-12,8,1052,330,62.7,27.2,16.6,A1,101,101,0,0
L12,fr,2025-02,11,1912,494,73.3,37.7,23.3,A1,199,199,0,0
L12,fr,2025-03,20,3098,1150,85.7,62.2,45.7,A1,530,526,4,0
L12,fr,2025-05,28,3299,1306,89.1,65.3,48.6,A1,613,606,7,0
L12,fr,2025-10,31,3534,1423,89.1,68.0,52.0,A1,692,684,8,1
L12,fr,2025-12,42,4027,1636,88.2,71.5,57.4,A2,832,820,12,1
L12,fr,2026-01,51,4702,1802,91.8,78.1,65.0,A2,1026,1013,13,1
L12,fr,2026-02,59,5368,1988,94.8,81.5,69.9,A2,1213,1197,16,2
L12,fr,2026-03,62,5490,2089,93.9,82.8,72.4,A2,1275,1259,16,2
L12,fr,2026-05,65,5650,2134,93.9,83.3,73.5,A2,1314,1296,18,2
L13,nl,2019-03,61,4758,1312,96.9,81.5,62.7,A1,767,767,0,0
L13,nl,2019-04,65,4878,1343,95.9,82.3,63.6,A1,789,789,0,0
L14,fr,2018-09,10,1362,488,73.0,38.1,24.6,A1,189,189,0,0
L14,fr,2018-10,15,1833,604,73.9,47.6,32.6,A1,261,261,0,0
L14,fr,2018-11,21,2153,772,81.9,55.3,39.6,A1,343,343,0,0
L14,fr,2019-02,25,2312,889,84.0,59.1,42.8,A1,392,392,0,0
L14,fr,2019-03,31,2657,1055,86.3,65.0,49.5,A1,482,482,0,0
L14,fr,2019-05,33,2715,1091,89.5,65.4,50.1,A1,503,502,1,0
L14,fr,2019-06,43,3205,1295,90.6,67.7,53.8,A1,623,611,12,1
L14,fr,2019-09,44,3262,1348,90.6,67.1,54.2,A1,643,630,13,1
L14,fr,2019-10,46,3353,1378,90.6,69.5,55.4,A1,668,650,18,1
L14,fr,2020-01,50,3588,1433,91.8,71.2,57.7,A1,716,694,22,1
L14,fr,2020-02,52,3816,1447,92.8,73.7,58.3,A1,751,729,22,1
L14,fr,2020-03,54,3887,1451,92.8,73.7,57.8,A1,763,738,25,2
L14,fr,2020-04,56,4035,1530,93.8,76.8,60.2,A2,825,795,30,3
L14,fr,2020-09,59,4118,1566,94.8,77.3,61.0,A2,847,814,33,3
L14,fr,2020-10,61,4167,1591,94.8,77.5,61.5,A2,863,828,35,3
L14,fr,2020-11,64,4295,1608,94.8,77.7,61.9,A2,885,850,35,3
L15,fr,2020-09,8,629,97,61.3,17.1,9.0,A1,57,55,2,0
L15,fr,2020-10,10,850,138,68.3,21.4,11.8,A1,82,79,3,0
L15,fr,2020-11,21,2186,432,86.7,44.6,29.6,A1,246,235,11,0
L15,fr,2021-01,22,2342,482,86.8,45.9,31.4,A1,269,258,11,0
L15,fr,2021-02,25,2662,592,85.9,50.1,34.9,A1,328,313,15,1
L15,fr,2021-09,31,3051,784,87.1,57.0,42.6,A1,434,408,26,4
L15,fr,2021-10,33,3213,862,87.1,61.7,46.3,A1,486,449,37,6
L15,fr,2021-11,46,4107,1164,90.5,71.5,56.8,A1,697,618,79,12
L15,fr,2021-12,52,4300,1291,89.7,74.3,59.3,A1,770,678,92,16
L15,fr,2022-01,57,4498,1377,90.7,75.3,62.0,A1,832,728,104,19
L15,fr,2022-02,59,4597,1400,90.7,75.9,62.2,A1,852,744,108,20
L15,fr,2022-03,64,4823,1470,90.7,77.4,63.8,A1,907,794,113,20
L16,fr,2025-10,11,1959,584,72.9,40.3,27.5,A1,236,235,1,0
L16,fr,2025-11,16,2394,764,75.9,48.2,34.3,A1,331,325,6,1
L16,fr,2025-12,20,2682,969,76.1,51.7,39.4,A1,420,410,10,1
L16,fr,2026-01,23,2948,1070,76.4,55.9,43.8,A1,489,477,12,1
L16,fr,2026-02,30,3416,1286,84.0,66.1,52.5,A1,645,632,13,1
L16,fr,2026-03,38,3897,1496,86.5,71.9,58.7,A1,789,772,17,1
L16,fr,2026-04,39,3950,1530,86.5,72.4,59.7,A2,811,792,19,1
L16,fr,2026-05,58,4765,1877,92.7,79.7,69.8,A2,1087,1061,26,1
L16,fr,2026-06,61,4901,1944,92.7,80.7,71.1,A2,1131,1103,28,1
L17,fr,2025-03,9,1501,757,72.9,41.8,32.6,A1,241,241,0,0
L17,fr,2025-04,22,3448,1639,90.3,70.1,59.7,A2,784,784,0,0
L17,fr,2025-05,52,4954,2167,97.9,83.0,72.9,A2,1192,1190,2,0
L17,fr,2025-06,55,5027,2216,97.9,83.3,73.4,A2,1220,1218,2,0
L17,fr,2026-03,58,5269,2241,96.9,83.7,73.6,A2,1267,1265,2,0
L17,fr,2026-05,60,5381,2252,96.9,84.7,74.5,A2,1295,1293,2,0
L18,fr,2018-09,1,141,0,0.0,0.0,0.0,A1,0,0,0,0
L18,fr,2018-12,7,912,206,65.3,25.1,13.8,A1,91,91,0,0
L18,fr,2019-01,13,1373,582,73.4,42.2,28.8,A1,202,202,0,0
L18,fr,2019-02,14,1495,623,74.1,42.2,29.8,A1,218,218,0,0
L18,fr,2019-04,22,2341,993,78.0,56.1,41.6,A1,408,408,0,0
L18,fr,2019-05,25,2568,1084,82.6,61.8,46.2,A1,472,472,0,0
L18,fr,2019-06,36,3195,1355,83.5,69.5,53.4,A1,642,630,12,0
L18,fr,2019-10,44,3603,1498,84.7,73.0,57.5,A1,749,729,20,0
L18,fr,2020-01,45,3645,1515,83.8,72.8,57.9,A2,763,743,20,0
L18,fr,2020-03,51,3999,1658,83.8,75.2,61.3,A2,865,840,25,0
L18,fr,2020-04,53,4190,1702,85.9,76.2,62.5,A2,907,880,27,0
L18,fr,2020-06,57,4256,1725,88.9,76.8,64.2,A2,933,905,28,0
L18,fr,2021-04,59,4320,1737,88.9,77.0,64.8,A2,949,920,29,0
L19,fr,2019-04,58,5379,2006,91.8,81.6,69.1,A2,1174,1144,30,1
L20,fr,2024-09,1,549,0,0.0,0.0,0.0,A1,0,0,0,0
L20,fr,2024-10,4,1056,142,50.0,17.2,11.2,A1,71,71,0,0
L20,fr,2024-12,15,2485,733,80.2,54.9,38.6,A1,347,343,4,0
L20,fr,2025-02,19,2881,951,84.8,61.8,47.2,A1,472,467,5,1
L20,fr,2025-03,23,3128,1084,89.2,65.1,50.8,A1,548,542,6,1
L20,fr,2025-04,32,3716,1263,89.2,70.7,56.2,A1,666,653,13,1
L20,fr,2025-05,39,4133,1385,90.4,72.2,57.9,A1,759,742,17,1
L20,fr,2025-09,40,4176,1403,91.5,72.6,58.5,A1,773,756,17,1
L20,fr,2025-10,45,4397,1488,91.5,73.9,59.8,A1,828,811,17,1
L20,fr,2025-12,48,4982,1639,92.6,75.9,63.2,A2,947,924,23,1
L20,fr,2026-02,54,5389,1790,90.8,76.6,64.4,A2,1078,1051,27,3
L20,fr,2026-06,58,5720,1915,91.8,79.0,67.1,A2,1181,1149,32,3
L21,fr,2020-10,5,1380,196,61.7,26.1,15.5,A1,101,101,0,0
L21,fr,2020-11,7,1834,579,81.2,45.2,29.3,A1,245,244,1,0
L21,fr,2020-12,11,2207,736,79.8,48.9,34.8,A1,324,322,2,0
L21,fr,2021-02,17,2954,1023,83.7,65.1,49.3,A1,514,508,6,0
L21,fr,2021-03,19,3189,1140,88.0,67.4,51.8,A1,578,573,5,0
L21,fr,2021-04,21,3429,1249,86.2,72.4,55.8,A1,654,646,8,0
L21,fr,2021-05,23,3617,1318,93.6,76.6,58.3,A1,709,694,15,1
L21,fr,2021-06,27,3846,1412,92.6,77.2,60.1,A1,779,758,21,2
L21,fr,2021-10,29,4001,1506,92.6,78.4,62.4,A2,834,802,32,3
L21,fr,2021-12,30,4114,1569,92.6,79.9,63.3,A2,869,832,37,4
L21,fr,2022-01,33,4262,1671,93.6,81.4,66.0,A2,934,885,49,7
L21,fr,2022-02,38,4504,1753,92.6,81.8,67.8,A2,999,946,53,5
L21,fr,2022-04,42,4845,1837,93.6,83.7,70.2,A2,1073,1005,68,7
L21,fr,2022-06,46,5125,1937,93.6,84.5,71.9,A2,1143,1060,83,9
L21,fr,2022-10,47,5211,1943,93.6,84.6,71.6,A2,1152,1066,86,9
L21,fr,2023-02,57,5795,2161,94.7,86.6,75.6,A2,1328,1216,112,15
L22,da,2024-08,18,2173,757,93.9,62.1,42.2,A1,369,364,5,0
L22,da,2024-09,19,2256,784,92.9,62.1,42.5,A1,381,376,5,0
L22,da,2024-10,26,2853,933,94.9,70.7,50.3,A1,480,471,9,0
L22,da,2024-11,32,3329,1106,94.9,75.1,55.2,A1,570,558,12,0
L22,da,2025-04,37,3722,1224,96.0,77.0,59.0,A1,651,637,14,1
L22,da,2025-05,38,3851,1272,96.0,78.4,60.9,A1,682,668,14,1
L22,da,2025-08,41,4004,1290,96.0,78.9,61.9,A1,704,688,16,1
L22,da,2025-09,44,4132,1330,96.0,80.3,62.9,A1,728,711,17,1
L22,da,2025-10,47,4365,1390,96.0,80.5,64.2,A1,766,746,20,3
L22,da,2025-11,54,4668,1493,96.0,82.0,66.4,A1,830,803,27,4
L22,da,2025-12,55,4691,1508,96.0,82.0,66.6,A2,836,809,27,4
L22,da,2026-01,56,4809,1515,97.0,82.7,67.4,A2,851,824,27,4
L23,fr,2025-10,11,2088,566,69.8,43.5,30.8,A1,256,256,0,0
L23,fr,2025-11,16,2647,803,88.4,59.0,43.2,A1,428,424,4,0
L23,fr,2026-01,17,2768,887,89.5,61.2,45.7,A1,469,464,5,0
L23,fr,2026-02,19,3005,1002,89.5,64.5,48.8,A1,525,514,11,1
L23,fr,2026-03,31,3891,1416,91.6,71.8,58.6,A1,784,756,28,3
L23,fr,2026-05,43,4481,1700,92.6,78.7,64.6,A2,966,898,68,13
L23,fr,2026-06,56,5014,2050,92.6,84.2,72.1,A2,1199,1108,91,16
L24,fr,2018-09,2,391,0,0.0,0.0,0.0,A1,0,0,0,0
L24,fr,2018-11,5,642,220,53.6,15.7,9.0,A1,47,47,0,0
L24,fr,2019-02,10,1315,526,69.5,39.1,27.3,A1,180,180,0,0
L24,fr,2019-03,14,1774,639,73.3,44.1,31.5,A1,244,244,0,0
L24,fr,2019-04,16,1919,641,72.4,45.8,32.8,A1,257,257,0,0
L24,fr,2019-06,37,3037,1210,86.2,67.4,49.5,A1,565,556,9,2
L24,fr,2019-10,40,3172,1226,87.2,68.3,51.4,A1,589,580,9,2
L24,fr,2019-12,42,3348,1318,87.2,69.7,54.0,A1,644,635,9,2
L24,fr,2020-03,46,3731,1487,89.5,72.1,58.5,A1,760,742,18,5
L24,fr,2020-06,47,3827,1530,89.5,72.8,59.2,A2,789,769,20,5
L24,fr,2020-10,52,4253,1695,89.5,76.8,64.2,A2,923,898,25,5
L24,fr,2020-12,54,4309,1714,89.5,76.9,64.4,A2,939,914,25,5
L25,fr,2024-11,6,1013,202,61.5,23.0,12.8,A1,83,83,0,0
L25,fr,2024-12,9,1303,379,67.9,29.0,18.3,A1,132,129,3,0
L25,fr,2025-02,11,1670,516,77.4,34.8,23.7,A1,197,193,4,0
L25,fr,2025-03,13,1876,663,79.1,42.3,29.6,A1,256,251,5,0
L25,fr,2025-04,15,2257,726,81.4,48.3,34.1,A1,317,308,9,0
L25,fr,2025-05,16,2449,808,82.8,51.6,36.6,A1,360,350,10,0
L25,fr,2025-11,28,3700,1167,89.1,66.7,50.1,A1,633,599,34,1
L25,fr,2025-12,33,4223,1330,91.3,71.8,56.1,A1,753,705,48,1
L25,fr,2026-02,36,4572,1414,90.3,73.4,59.3,A1,839,780,59,5
L25,fr,2026-03,43,5071,1607,89.6,79.6,65.0,A2,993,906,87,10
L25,fr,2026-06,54,5760,1895,88.8,82.1,70.2,A2,1202,1085,117,15
L26,fr,2020-09,9,741,154,55.8,17.7,8.9,A1,68,68,0,0
L26,fr,2020-11,11,1209,257,66.7,30.4,18.0,A1,126,126,0,0
L26,fr,2020-12,13,1489,427,78.3,41.7,25.9,A1,196,196,0,0
L26,fr,2021-01,16,1842,554,86.0,50.1,32.5,A1,259,257,2,0
L26,fr,2021-02,19,2321,810,88.2,59.3,41.4,A1,370,366,4,0
L26,fr,2021-03,27,3216,1255,91.5,69.7,53.7,A1,605,590,15,1
L26,fr,2021-05,31,3505,1415,92.6,72.3,57.8,A1,692,671,21,1
L26,fr,2021-06,33,3644,1514,93.6,73.9,60.6,A2,743,718,25,1
L26,fr,2021-09,34,3683,1535,93.6,73.9,61.1,A2,755,730,25,1
L26,fr,2021-10,43,4457,1773,90.7,76.8,65.9,A2,955,913,42,5
L26,fr,2021-11,47,4741,1859,90.8,79.2,68.0,A2,1039,990,49,5
L26,fr,2021-12,50,4991,1972,91.8,81.0,69.8,A2,1105,1047,58,8
L26,fr,2022-11,51,5138,2004,91.8,82.7,70.9,A2,1138,1076,62,9
L26,fr,2022-12,52,5233,2033,90.8,82.9,71.8,A2,1168,1103,65,11
L26,fr,2023-03,53,5302,2081,90.8,83.1,73.0,A2,1196,1126,70,13
L27,nl,2018-03,40,3574,918,89.8,67.8,47.4,A1,501,501,0,0
L27,nl,2018-04,46,3792,1017,90.8,70.4,50.5,A1,556,556,0,0
L27,nl,2018-05,53,4111,1112,91.8,72.3,53.4,A1,613,613,0,0
L28,da,2021-04,12,1046,262,72.1,29.4,19.5,A1,128,124,4,0
L28,da,2021-05,16,1262,514,78.0,40.8,28.1,A1,189,182,7,0
L28,da,2021-09,21,1574,628,82.1,49.6,33.7,A1,244,232,12,0
L28,da,2021-10,31,2008,765,87.6,57.1,41.1,A1,340,320,20,0
L28,da,2021-11,33,2082,802,89.7,60.4,43.0,A1,366,344,22,1
L28,da,2022-02,34,2217,875,89.7,61.7,45.2,A1,397,374,23,1
L28,da,2022-04,44,2685,1013,94.9,69.4,50.1,A1,496,467,29,2
L28,da,2022-05,46,2797,1054,94.9,70.8,51.6,A1,518,489,29,2
L28,da,2022-08,48,2854,1093,94.9,71.7,52.3,A1,532,503,29,2
L28,da,2022-09,50,2914,1108,94.9,72.0,52.2,A1,539,510,29,2
L28,da,2022-10,52,2948,1102,95.9,72.0,52.2,A1,541,512,29,2
L29,fr,2018-09,3,394,60,32.2,9.2,6.0,A1,23,23,0,0
L29,fr,2018-10,6,715,249,56.9,20.8,11.6,A1,70,70,0,0
L29,fr,2018-11,8,1005,458,74.0,28.5,18.0,A1,125,125,0,0
L29,fr,2019-02,11,1271,688,80.3,35.8,25.3,A1,189,189,0,0
L29,fr,2019-03,20,2127,1033,82.7,52.9,39.6,A1,380,380,0,0
L29,fr,2019-06,22,2275,1029,82.9,53.0,40.1,A1,397,397,0,0
L29,fr,2019-10,27,2606,1150,87.2,57.6,44.9,A1,485,484,1,0
L29,fr,2019-11,32,3157,1305,87.4,64.7,52.3,A1,618,615,3,0
L29,fr,2020-01,35,3336,1352,89.8,68.0,55.2,A1,660,654,6,0
L29,fr,2020-02,41,3543,1454,89.8,71.0,58.5,A1,728,719,9,1
L29,fr,2020-04,45,3934,1572,92.0,74.4,62.3,A2,826,808,18,1
L29,fr,2020-06,48,4025,1618,93.3,75.6,63.3,A2,862,841,21,1
L29,fr,2020-10,52,4270,1700,91.3,76.5,65.0,A2,932,904,28,1
L30,nl,2019-11,6,591,87,57.9,16.0,8.7,A1,55,55,0,0
L30,nl,2020-01,12,1176,295,65.5,30.6,18.3,A1,124,122,2,0
L30,nl,2020-02,13,1255,339,72.4,34.1,20.2,A1,142,138,4,0
L30,nl,2020-03,19,1481,478,78.4,43.1,28.0,A1,196,189,7,1
L30,nl,2020-05,42,2698,924,88.5,64.4,45.3,A1,417,401,16,2
L30,nl,2020-06,43,2773,949,88.5,65.2,45.9,A1,430,412,18,2
L30,nl,2020-11,44,2938,945,87.6,64.5,45.1,A1,440,422,18,2
L30,nl,2021-01,46,2995,965,87.6,65.3,45.6,A1,451,432,19,2
L30,nl,2021-02,48,3045,1003,87.6,65.8,46.1,A1,463,444,19,2
L30,nl,2021-03,50,3162,1010,89.7,67.2,46.7,A1,480,459,21,2
L30,nl,2025-01,51,3185,1017,89.7,66.9,47.0,A1,484,462,22,2
L31,fr,2019-09,4,304,62,30.2,8.5,4.2,A1,20,20,0,0
L31,fr,2019-10,13,908,358,65.1,32.3,19.7,A1,128,127,1,0
L31,fr,2019-11,16,1295,455,72.2,37.9,24.3,A1,173,171,2,0
L31,fr,2019-12,17,1390,442,73.3,37.3,24.5,A1,178,176,2,0
L31,fr,2020-02,22,1931,510,82.3,43.7,29.6,A1,249,244,5,0
L31,fr,2020-03,28,2808,719,84.5,54.5,38.8,A1,388,370,18,2
L31,fr,2020-04,30,3034,790,84.5,58.0,41.8,A1,435,414,21,2
L31,fr,2020-06,36,3714,1130,86.6,66.7,50.6,A1,633,581,52,5
L31,fr,2020-08,37,3760,1132,88.7,67.1,50.9,A1,639,584,55,6
L31,fr,2020-09,41,4200,1238,90.7,70.2,54.3,A1,730,657,73,8
L31,fr,2020-11,44,4391,1276,90.7,71.2,55.7,A1,769,688,81,9
L31,fr,2020-12,45,4465,1300,90.7,72.3,56.8,A1,792,710,82,9
L31,fr,2021-01,50,4793,1435,89.8,75.0,59.9,A1,893,788,105,18
L32,fr,2021-10,5,671,115,56.3,17.0,10.1,A1,57,57,0,0
L32,fr,2021-11,24,2128,758,83.5,51.8,38.8,A1,352,347,5,0
L32,fr,2021-12,26,2312,842,84.8,55.1,41.7,A1,399,392,7,0
L32,fr,2022-02,29,2441,876,81.2,54.5,42.6,A1,432,423,9,0
L32,fr,2022-03,30,2474,899,81.2,54.7,42.9,A1,441,432,9,0
L32,fr,2022-04,31,2574,919,83.3,58.8,44.7,A1,469,460,9,0
L32,fr,2022-06,33,2807,975,86.5,62.6,48.1,A1,517,502,15,0
L32,fr,2023-10,35,2944,1026,86.5,65.0,49.7,A1,552,534,18,0
L32,fr,2024-10,40,3193,1177,87.5,68.3,54.0,A1,634,614,20,0
L32,fr,2025-01,45,3671,1278,90.6,71.8,57.6,A1,722,693,29,3
L32,fr,2025-03,50,4135,1438,89.6,73.5,61.3,A1,836,805,31,2
L33,fr,2024-10,5,742,236,65.7,22.7,12.1,A1,81,81,0,0
L33,fr,2024-11,10,1363,432,71.1,31.8,20.4,A1,161,160,1,0
L33,fr,2025-02,14,1698,667,75.6,38.6,27.6,A1,237,235,2,0
L33,fr,2025-03,19,2141,936,80.9,49.3,36.1,A1,361,354,7,0
L33,fr,2025-04,21,2466,1029,81.7,53.1,40.7,A1,439,430,9,0
L33,fr,2025-05,23,2626,1068,83.0,54.1,42.6,A1,472,462,10,0
L33,fr,2025-09,29,2863,1219,86.3,59.2,47.0,A1,554,542,12,0
L33,fr,2025-10,33,3152,1342,86.3,61.2,50.1,A1,631,612,19,0
L33,fr,2025-11,36,3389,1441,86.3,64.2,52.5,A1,699,677,22,0
L33,fr,2025-12,38,3546,1500,85.4,65.6,54.7,A2,745,722,23,0
L33,fr,2026-01,41,3774,1524,87.5,67.3,56.3,A2,796,774,22,0
L33,fr,2026-03,46,4085,1630,89.6,72.0,60.9,A2,895,862,33,0
L33,fr,2026-05,47,4182,1689,90.6,72.5,62.0,A2,931,896,35,0
L33,fr,2026-06,50,4373,1788,91.8,75.5,65.1,A2,1006,966,40,0
L34,fr,2020-03,8,1534,248,66.7,29.6,19.3,A1,133,132,1,0
L34,fr,2020-04,49,6153,2185,91.8,84.4,76.1,A2,1339,1299,40,6
L35,fr,2024-10,1,108,0,0.0,0.0,0.0,A1,0,0,0,0
L35,fr,2024-11,5,750,132,61.8,20.6,10.3,A1,58,58,0,0
L35,fr,2024-12,9,1324,366,73.0,32.9,18.6,A1,125,125,0,0
L35,fr,2025-02,13,1961,644,77.2,40.1,27.1,A1,218,218,0,0
L35,fr,2025-03,17,2359,766,78.8,47.1,33.4,A1,299,296,3,0
L35,fr,2025-06,22,2952,970,82.1,54.2,41.9,A1,449,444,5,0
L35,fr,2025-12,28,3455,1103,82.3,59.8,46.4,A1,556,546,10,0
L35,fr,2026-01,29,3582,1100,83.3,61.6,47.3,A1,575,565,10,0
L35,fr,2026-02,39,4245,1349,85.6,70.1,55.6,A1,765,745,20,2
L35,fr,2026-05,40,4411,1398,87.6,71.8,58.1,A1,806,784,22,2
L35,fr,2026-06,49,5022,1639,87.8,77.8,65.3,A2,987,950,37,3
L36,fr,2025-09,1,176,0,0.0,0.0,0.0,A1,0,0,0,0
L36,fr,2025-10,4,593,137,50.8,13.6,9.1,A1,46,46,0,0
L36,fr,2025-11,9,763,581,64.6,23.5,19.5,A1,112,112,0,0
L36,fr,2025-12,13,1024,676,70.0,33.9,24.4,A1,150,148,2,0
L36,fr,2026-01,14,1142,690,69.4,33.9,24.8,A1,161,158,3,0
L36,fr,2026-02,21,1702,763,75.9,42.7,29.7,A1,245,238,7,0
L36,fr,2026-03,27,2335,950,75.6,50.1,37.5,A1,376,358,18,0
L36,fr,2026-04,29,2478,1027,75.6,52.5,40.8,A1,421,397,24,0
L36,fr,2026-05,38,3111,1340,84.8,64.0,50.7,A1,623,594,29,2
L36,fr,2026-06,49,3593,1567,89.1,72.3,57.8,A2,789,750,39,3
L37,fr,2019-09,3,391,31,26.7,6.2,3.1,A1,17,17,0,0
L37,fr,2019-10,11,837,300,61.5,25.4,15.1,A1,97,97,0,0
L37,fr,2019-11,22,1832,635,76.1,45.5,29.1,A1,252,246,6,0
L37,fr,2020-01,25,2133,727,76.7,50.6,33.8,A1,311,303,8,0
L37,fr,2020-02,29,2442,843,76.1,54.2,37.9,A1,375,367,8,0
L37,fr,2020-03,30,2459,854,78.3,54.9,38.2,A1,380,371,9,1
L37,fr,2020-05,34,2883,1015,83.9,63.4,46.4,A1,501,484,17,2
L37,fr,2020-06,42,3441,1245,88.3,71.0,55.1,A1,662,638,24,2
L37,fr,2020-09,45,3671,1291,88.4,73.1,57.0,A1,710,685,25,1
L37,fr,2020-11,47,3794,1319,88.4,74.8,58.2,A1,739,712,27,1
L37,fr,2021-09,48,3823,1332,88.5,75.9,59.3,A1,753,726,27,1
L38,fr,2018-10,2,195,0,0.0,0.0,0.0,A1,0,0,0,0
L38,fr,2019-01,11,851,425,54.2,28.5,19.6,A1,110,110,0,0
L38,fr,2019-02,15,1043,622,56.4,30.6,22.7,A1,143,143,0,0
L38,fr,2019-03,19,1384,891,67.5,42.9,31.6,A1,223,223,0,0
L38,fr,2019-04,22,1601,874,77.6,44.3,32.0,A1,256,254,2,0
L38,fr,2019-05,27,1935,800,78.4,45.3,32.5,A1,277,274,3,0
L38,fr,2019-06,31,2203,913,84.6,50.2,36.5,A1,341,329,12,0
L38,fr,2019-07,33,2357,967,88.0,53.2,38.5,A1,382,363,19,0
L38,fr,2019-10,34,2446,1012,88.0,55.8,39.9,A1,403,383,20,0
L38,fr,2019-11,35,2511,1062,88.0,56.8,40.7,A1,418,396,22,0
L38,fr,2019-12,36,2582,1073,88.0,57.2,41.4,A1,430,407,23,0
L38,fr,2020-01,39,2695,1121,89.1,59.5,43.2,A1,461,433,28,2
L38,fr,2020-02,40,2774,1144,89.1,60.2,43.6,A1,474,443,31,3
L38,fr,2020-03,43,2824,1170,89.1,60.3,43.6,A1,485,455,30,3
L38,fr,2020-06,47,2883,1189,90.2,61.2,44.2,A1,505,467,38,3
L39,fr,2019-09,2,353,0,0.0,0.0,0.0,A1,0,0,0,0
L39,fr,2019-10,5,508,73,31.4,9.7,4.8,A1,28,28,0,0
L39,fr,2019-11,16,1995,580,83.0,50.9,35.7,A1,304,299,5,0
L39,fr,2020-02,18,2290,705,83.0,54.7,38.9,A1,363,358,5,0
L39,fr,2020-03,20,2493,777,86.2,58.0,43.6,A1,416,410,6,0
L39,fr,2020-05,25,3304,1062,86.6,70.4,54.4,A1,598,586,12,0
L39,fr,2020-06,40,4472,1573,90.9,80.7,67.5,A2,937,908,29,2
L39,fr,2020-10,42,4539,1586,90.9,81.3,68.1,A2,957,926,31,2
L39,fr,2021-01,44,4711,1665,90.9,82.1,69.0,A2,1003,972,31,2
L39,fr,2021-04,47,4887,1732,90.9,82.7,69.6,A2,1050,1012,38,2
L40,fr,2022-10,1,230,0,0.0,0.0,0.0,A1,0,0,0,0
L40,fr,2022-11,2,321,0,0.0,0.0,0.0,A1,0,0,0,0
L40,fr,2023-01,5,868,239,57.3,17.9,10.9,A1,75,75,0,0
L40,fr,2023-02,8,1376,415,74.1,32.3,20.6,A1,149,148,1,0
L40,fr,2023-03,12,1761,607,77.6,44.3,30.0,A1,240,237,3,0
L40,fr,2023-09,15,2263,747,84.4,54.9,37.9,A1,346,342,4,0
L40,fr,2023-10,19,2607,860,84.6,59.7,41.5,A1,413,406,7,0
L40,fr,2023-11,23,3022,1048,90.3,67.2,49.4,A1,536,526,10,0
L40,fr,2024-02,27,3356,1161,90.5,72.0,54.6,A1,629,618,11,1
L40,fr,2024-03,31,3688,1279,92.7,75.0,57.7,A1,715,696,19,1
L40,fr,2024-04,34,3900,1347,92.7,76.0,58.7,A1,771,748,23,2
L40,fr,2024-06,36,4274,1423,92.7,78.3,61.8,A1,836,808,28,2
L40,fr,2024-10,41,4806,1590,92.8,81.9,66.0,A2,977,935,42,4
L40,fr,2025-03,47,5353,1745,92.9,84.0,69.4,A2,1104,1045,59,5
L41,fr,2019-09,7,400,151,37.0,16.8,11.8,A1,37,37,0,0
L41,fr,2019-10,14,702,297,62.5,23.9,15.7,A1,85,85,0,0
L41,fr,2019-11,16,872,344,58.4,23.8,15.4,A1,102,99,3,0
L41,fr,2019-12,18,1089,402,53.8,26.2,17.0,A1,122,119,3,0
L41,fr,2020-01,21,1177,420,59.3,30.1,18.6,A1,136,129,7,0
L41,fr,2020-03,23,1425,535,63.5,34.9,22.8,A1,175,166,9,1
L41,fr,2020-04,25,1579,614,70.9,38.1,24.8,A1,208,195,13,2
L41,fr,2020-06,31,1919,712,72.2,44.5,29.8,A1,283,265,18,5
L41,fr,2020-09,32,2039,730,74.7,46.0,30.7,A1,301,282,19,5
L41,fr,2020-10,37,2256,793,77.2,48.3,32.5,A1,341,320,21,6
L41,fr,2020-11,39,2433,824,84.0,50.9,35.1,A1,383,355,28,9
L41,fr,2021-02,43,2623,915,84.0,52.9,38.3,A1,429,398,31,9
L41,fr,2021-06,45,2712,925,86.3,55.3,39.8,A1,447,415,32,9
L41,fr,2021-09,46,2747,937,85.6,56.9,40.5,A1,459,426,33,9
L42,fr,2021-09,1,520,0,0.0,0.0,0.0,A1,0,0,0,0
L42,fr,2021-10,1,520,0,0.0,0.0,0.0,A1,0,0,0,0
L42,fr,2021-11,4,942,98,32.1,13.6,8.6,A1,48,48,0,0
L42,fr,2021-12,6,1220,245,52.3,26.3,17.2,A1,112,107,5,0
L42,fr,2022-01,17,2168,653,76.1,48.4,34.9,A1,311,269,42,13
L42,fr,2022-02,19,2356,765,76.1,52.1,39.5,A1,373,324,49,15
L42,fr,2022-03,21,2420,787,76.4,52.4,39.8,A1,380,328,52,15
L42,fr,2022-04,23,2536,826,76.4,52.6,40.1,A1,401,347,54,17
L42,fr,2022-05,24,2597,858,77.5,54.6,41.4,A1,416,359,57,19
L42,fr,2022-09,28,2865,962,76.7,55.7,42.1,A1,470,406,64,22
L42,fr,2022-10,30,3179,1025,79.1,57.2,44.7,A1,527,455,72,24
L42,fr,2022-11,33,3430,1160,87.1,65.3,51.9,A1,623,532,91,34
L42,fr,2022-12,34,3485,1185,87.1,66.1,53.0,A1,640,542,98,37
L42,fr,2023-09,35,3513,1191,87.1,66.3,53.1,A1,644,547,97,38
L42,fr,2023-10,36,3542,1199,88.2,66.7,53.5,A1,653,554,99,38
L42,fr,2024-01,37,3648,1248,87.1,68.0,55.5,A1,687,584,103,38
L42,fr,2024-10,38,3722,1258,87.1,68.1,55.4,A1,697,593,104,37
L42,fr,2025-01,44,4286,1573,87.2,74.4,62.4,A2,891,747,144,54
L42,fr,2025-02,46,4349,1592,87.2,74.1,62.2,A2,905,754,151,56
L43,fr,2025-03,19,2129,940,79.1,55.3,44.0,A1,391,390,1,0
L43,fr,2025-05,26,3356,1452,90.4,71.0,57.9,A1,723,721,2,0
L43,fr,2025-06,46,5204,2011,95.8,83.6,72.4,A2,1194,1192,2,0
L44,fr,2019-01,3,221,34,34.0,6.8,3.4,A1,17,17,0,0
L44,fr,2019-03,5,381,93,46.6,12.9,9.3,A1,32,32,0,0
L44,fr,2019-04,6,410,127,49.2,16.0,10.7,A1,39,39,0,0
L44,fr,2019-06,9,630,208,55.4,20.1,13.5,A1,72,72,0,0
L44,fr,2019-09,10,856,206,58.2,23.7,14.2,A1,88,88,0,0
L44,fr,2019-10,11,1012,266,58.0,25.0,15.1,A1,94,94,0,0
L44,fr,2019-11,13,1153,343,66.3,33.0,19.2,A1,125,124,1,0
L44,fr,2019-12,14,1305,409,69.8,34.8,21.0,A1,152,151,1,0
L44,fr,2020-01,15,1350,408,69.8,34.9,21.3,A1,157,156,1,0
L44,fr,2020-02,16,1473,482,72.7,36.7,24.0,A1,186,184,2,0
L44,fr,2020-05,17,1496,495,76.1,37.9,24.6,A1,192,190,2,0
L44,fr,2020-06,20,1798,562,80.7,43.8,29.5,A1,240,238,2,0
L44,fr,2020-08,24,1893,604,79.5,44.5,30.3,A1,259,256,3,0
L44,fr,2020-09,29,2032,686,79.8,49.4,34.5,A1,303,300,3,0
L44,fr,2020-12,30,2056,706,79.8,49.7,35.6,A1,309,305,4,0
L44,fr,2021-06,31,2093,736,79.8,51.7,37.0,A1,325,321,4,0
L44,fr,2021-08,33,2219,833,80.9,55.4,40.3,A1,369,364,5,0
L44,fr,2021-09,34,2287,844,82.0,57.6,41.8,A1,386,381,5,0
L44,fr,2021-11,38,2479,901,85.6,62.5,45.3,A1,432,425,7,0
L44,fr,2021-12,40,2540,938,85.6,63.4,47.0,A1,452,445,7,0
L44,fr,2022-11,40,2540,938,85.6,63.4,47.0,A1,452,444,8,0
L44,fr,2023-01,42,2656,1043,88.0,66.6,50.3,A1,509,498,11,0
L44,fr,2024-02,43,2711,1061,90.2,66.7,50.9,A1,523,512,11,0
L44,fr,2025-02,44,2728,1106,90.2,67.0,51.0,A1,536,525,11,0
L44,fr,2025-05,45,2764,1128,90.2,66.9,51.6,A1,548,537,11,0
L45,fr,2019-09,9,1339,283,62.8,27.5,18.0,A1,125,122,3,0
L45,fr,2019-10,15,1887,408,79.1,36.9,24.6,A1,200,189,11,2
L45,fr,2019-11,19,2635,674,83.7,51.4,37.8,A1,352,327,25,2
L45,fr,2020-03,21,2972,730,85.9,54.6,40.9,A1,397,364,33,4
L45,fr,2020-05,25,3127,805,87.0,58.2,43.5,A1,442,398,44,5
L45,fr,2020-06,27,3532,836,88.0,60.4,44.8,A1,484,426,58,6
L45,fr,2020-08,32,3759,890,85.4,63.5,48.0,A1,536,463,73,8
L45,fr,2020-09,37,4127,980,88.5,65.8,50.0,A1,597,505,92,19
L45,fr,2020-10,39,4265,1022,89.6,65.2,50.9,A1,624,523,101,22
L45,fr,2021-01,45,4453,1048,89.6,64.4,50.9,A1,647,537,110,25
L46,fr,2020-09,5,464,66,46.4,10.9,5.4,A1,35,35,0,0
L46,fr,2020-10,8,626,149,55.6,19.6,13.1,A1,60,60,0,0
L46,fr,2020-12,15,1409,315,71.4,33.8,22.5,A1,147,145,2,0
L46,fr,2021-02,17,1730,373,75.6,38.3,25.6,A1,194,191,3,0
L46,fr,2021-05,18,1808,393,75.3,39.0,26.1,A1,207,204,3,0
L46,fr,2021-06,19,2022,446,77.4,44.9,29.5,A1,241,238,3,0
L46,fr,2021-09,21,2089,482,78.5,47.2,30.9,A1,259,255,4,0
L46,fr,2021-10,25,2551,743,85.3,57.6,40.0,A1,382,371,11,0
L46,fr,2021-11,29,2865,888,86.5,64.1,44.9,A1,466,446,20,0
L46,fr,2021-12,36,3314,1152,89.6,68.4,53.3,A1,616,581,35,2
L46,fr,2022-03,38,3589,1294,92.7,72.4,58.0,A1,701,656,45,4
L46,fr,2022-05,39,3708,1348,92.7,72.9,59.1,A1,729,677,52,4
L46,fr,2022-06,40,3825,1424,92.7,72.9,60.6,A1,776,715,61,5
L46,fr,2022-12,41,3890,1444,92.7,73.3,60.5,A1,788,722,66,6
L46,fr,2023-03,45,4073,1584,94.8,75.0,63.1,A2,862,790,72,7
L47,fr,2022-11,7,1332,227,65.9,29.7,16.6,A1,116,116,0,0
L47,fr,2023-10,15,2258,711,83.1,53.4,37.6,A1,343,335,8,0
L47,fr,2023-11,22,3014,1152,86.2,66.4,49.6,A1,563,545,18,0
L47,fr,2024-10,29,3424,1307,87.4,70.1,54.7,A1,670,641,29,1
L47,fr,2025-01,38,3992,1577,89.5,75.9,62.1,A2,843,799,44,1
L47,fr,2025-03,45,4549,1714,91.6,77.6,64.5,A2,933,878,55,3
L48,fr,2023-10,1,281,0,0.0,0.0,0.0,A1,0,0,0,0
L48,fr,2023-12,5,972,155,61.0,19.2,11.2,A1,73,73,0,0
L48,fr,2024-03,9,1510,360,72.6,36.0,22.1,A1,165,165,0,0
L48,fr,2024-04,14,1857,533,78.4,43.5,28.6,A1,241,240,1,0
L48,fr,2024-09,16,1980,589,78.4,46.4,30.5,A1,263,261,2,0
L48,fr,2024-12,20,2216,824,80.0,52.4,36.3,A1,349,345,4,0
L48,fr,2025-03,23,2399,940,82.4,56.6,42.0,A1,411,398,13,0
L48,fr,2025-05,25,2472,993,83.7,58.0,42.7,A1,437,424,13,0
L48,fr,2025-10,30,2756,1123,83.9,60.9,45.1,A1,505,484,21,3
L48,fr,2026-01,34,3174,1215,85.1,66.9,50.6,A1,595,564,31,3
L48,fr,2026-03,45,4080,1416,92.9,73.9,59.0,A1,805,749,56,6
L49,nl,2019-01,3,417,13,13.2,2.6,1.3,A1,10,10,0,0
L49,nl,2019-02,12,1316,330,84.0,35.6,20.1,A1,165,165,0,0
L49,nl,2019-03,16,1557,405,87.2,44.0,26.3,A1,217,217,0,0
L49,nl,2019-04,37,2235,448,87.5,47.5,28.5,A1,264,241,23,2
L49,nl,2019-05,44,2427,473,84.5,47.5,28.4,A1,276,246,30,3
L49,nl,2019-06,45,2445,477,84.5,47.7,28.9,A1,279,247,32,3
L50,fr,2024-09,1,372,0,0.0,0.0,0.0,A1,0,0,0,0
L50,fr,2025-04,2,606,0,0.0,0.0,0.0,A1,0,0,0,0
L50,fr,2025-06,3,742,60,10.1,4.8,4.1,A1,17,17,0,0
L50,fr,2025-10,7,966,259,37.0,15.7,9.9,A1,69,69,0,0
L50,fr,2025-12,9,1123,360,52.4,24.7,16.1,A1,109,107,2,0
L50,fr,2026-01,11,1389,457,42.4,26.2,18.5,A1,142,138,4,0
L50,fr,2026-02,26,2189,903,69.9,49.2,36.4,A1,354,312,42,14
L50,fr,2026-03,34,2551,1072,79.6,55.9,41.7,A1,453,399,54,18
L50,fr,2026-04,36,2642,1111,79.6,57.3,43.3,A1,476,419,57,18
L50,fr,2026-05,37,2702,1111,81.7,57.9,44.1,A1,488,430,58,18
L50,fr,2026-06,43,2936,1205,82.8,60.1,47.2,A1,547,473,74,22
L50,fr,2026-07,44,2970,1230,82.8,60.3,47.7,A1,559,481,78,22
L51,fr,2024-10,1,119,0,0.0,0.0,0.0,A1,0,0,0,0
L51,fr,2024-12,9,918,312,69.4,25.3,15.6,A1,97,97,0,0
L51,fr,2025-02,16,1867,702,82.6,41.7,30.1,A1,247,246,1,0
L51,fr,2025-03,21,2545,910,83.3,53.0,41.6,A1,398,392,6,0
L51,fr,2025-05,23,2745,943,85.6,53.9,42.6,A1,430,423,7,0
L51,fr,2025-10,28,3151,1159,83.9,61.8,48.4,A1,552,535,17,0
L51,fr,2025-12,36,3981,1430,88.2,70.2,57.5,A1,757,713,44,2
L51,fr,2026-02,39,4234,1471,91.4,73.6,59.9,A1,815,769,46,1
L51,fr,2026-06,44,4685,1609,93.8,79.6,64.3,A2,947,899,48,2
L52,fr,2024-10,3,487,32,18.6,6.4,3.2,A1,18,18,0,0
L52,fr,2024-12,14,1707,972,78.6,48.7,37.9,A1,330,329,1,0
L52,fr,2025-06,24,2822,1321,85.6,63.5,50.9,A1,580,577,3,0
L52,fr,2025-10,32,3929,1584,87.1,72.8,60.9,A2,799,793,6,0
L52,fr,2026-03,35,4253,1688,90.5,76.1,63.6,A2,889,882,7,0
L52,fr,2026-06,44,4969,1948,92.9,83.3,70.4,A2,1114,1106,8,0
L53,fr,2018-04,4,454,97,40.7,9.9,5.9,A1,40,40,0,0
L53,fr,2018-05,8,776,295,70.6,29.1,18.5,A1,115,115,0,0
L53,fr,2018-10,10,873,350,74.4,34.1,21.6,A1,134,134,0,0
L53,fr,2019-03,16,1724,554,82.2,45.5,31.4,A1,248,248,0,0
L53,fr,2019-04,43,3036,1091,88.4,61.8,49.1,A1,546,524,22,0
L54,fr,2020-09,3,320,37,33.8,7.5,3.7,A1,23,23,0,0
L54,fr,2020-11,5,509,74,50.0,11.9,6.0,A1,42,42,0,0
L54,fr,2021-01,7,636,93,57.7,16.3,8.2,A1,57,57,0,0
L54,fr,2021-02,9,730,128,62.0,20.3,10.1,A1,69,69,0,0
L54,fr,2021-03,13,1179,270,73.8,32.1,19.3,A1,126,126,0,0
L54,fr,2021-04,19,1639,482,79.8,43.1,28.6,A1,215,215,0,0
L54,fr,2021-06,25,1987,605,86.8,53.7,36.5,A1,304,302,2,0
L54,fr,2021-10,29,2148,662,87.9,56.2,39.1,A1,341,338,3,0
L54,fr,2021-11,31,2241,731,87.9,58.3,41.0,A1,375,369,6,0
L54,fr,2021-12,33,2320,829,87.9,59.2,43.1,A1,412,405,7,0
L54,fr,2022-02,34,2374,859,87.9,60.6,43.7,A1,428,420,8,0
L54,fr,2022-03,35,2424,908,88.0,61.8,45.4,A1,450,439,11,0
L54,fr,2022-05,36,2487,967,88.0,63.2,46.5,A1,473,463,10,0
L54,fr,2022-12,36,2487,959,88.0,63.2,46.5,A1,472,462,10,0
L54,fr,2023-02,37,2556,969,88.0,63.9,46.8,A1,481,470,11,0
L54,fr,2024-02,43,2874,1174,89.1,68.2,51.9,A1,573,553,20,1
L55,fr,2025-10,9,1164,466,71.4,31.0,18.7,A1,131,130,1,0
L55,fr,2025-12,18,2249,928,83.8,54.3,37.9,A1,360,348,12,1
L55,fr,2026-01,31,3424,1318,87.0,71.1,55.0,A1,678,647,31,5
L55,fr,2026-02,36,3788,1334,83.2,70.4,53.9,A1,721,640,81,13
L55,fr,2026-05,43,4476,1395,76.0,69.4,56.3,A1,799,666,133,26
L56,fr,2019-11,2,566,0,0.0,0.0,0.0,A1,0,0,0,0
L56,fr,2019-12,4,900,126,43.5,17.3,10.2,A1,57,57,0,0
L56,fr,2020-01,9,2530,508,62.7,39.9,28.0,A1,233,231,2,0
L56,fr,2020-02,11,2955,745,60.7,47.5,35.2,A1,334,322,12,0
L56,fr,2020-03,12,3114,804,63.1,51.1,37.8,A1,375,357,18,0
L56,fr,2020-04,17,3781,1104,75.0,61.9,50.3,A1,571,519,52,8
L56,fr,2020-05,19,4047,1144,78.9,64.8,52.2,A1,622,554,68,11
L56,fr,2020-06,20,4083,1171,78.9,65.1,52.4,A1,636,567,69,14
L56,fr,2020-08,35,5362,1672,79.8,71.8,62.6,A2,984,804,180,38
L56,fr,2020-09,36,5431,1673,79.8,72.6,63.1,A2,994,803,191,47
L56,fr,2020-10,37,5490,1685,81.9,72.6,63.7,A2,1005,808,197,53
L56,fr,2020-11,39,5688,1739,77.9,72.3,64.5,A2,1050,840,210,60
L56,fr,2021-01,40,5832,1781,82.1,75.0,66.1,A2,1083,854,229,71
L56,fr,2021-02,41,5925,1804,83.2,76.3,67.1,A2,1103,866,237,73
L56,fr,2021-03,42,5972,1806,80.0,76.2,67.1,A2,1106,865,241,73
L57,de,2024-03,1,327,0,0.0,0.0,0.0,A1,0,0,0,0
L57,de,2024-04,5,968,117,56.9,21.1,11.7,A1,61,61,0,0
L57,de,2024-05,8,1212,173,63.6,27.8,16.4,A1,88,87,1,0
L57,de,2024-06,15,2049,411,77.5,44.0,28.0,A1,195,191,4,0
L57,de,2024-09,22,3082,592,90.2,55.5,37.4,A1,317,311,6,0
L57,de,2024-10,25,3324,628,91.3,57.9,38.8,A1,343,335,8,0
L57,de,2024-11,39,4839,968,91.7,67.5,48.8,A1,554,541,13,1
L57,de,2025-05,41,4902,984,91.7,67.7,49.3,A1,563,550,13,1
L58,en,2018-10,3,1093,146,42.3,15.6,9.7,A1,64,64,0,0
L58,en,2018-11,6,1786,558,70.8,36.1,24.7,A1,214,214,0,0
L58,en,2018-12,8,1957,705,73.6,41.0,29.8,A1,278,278,0,0
L58,en,2019-01,41,3489,1289,96.9,74.5,57.0,A1,752,752,0,0
L59,fr,2024-09,1,188,0,0.0,0.0,0.0,A1,0,0,0,0
L59,fr,2024-10,6,996,249,66.7,28.6,16.8,A1,99,99,0,0
L59,fr,2025-03,10,1695,403,77.8,39.6,25.5,A1,190,190,0,0
L59,fr,2025-06,14,2442,652,82.6,51.6,35.3,A1,342,342,0,0
L59,fr,2026-01,28,3630,1156,88.9,68.3,52.3,A1,665,658,7,1
L59,fr,2026-03,41,4579,1616,92.9,77.1,64.9,A2,980,968,12,1
L60,fr,2024-09,1,229,0,0.0,0.0,0.0,A1,0,0,0,0
L60,fr,2024-10,8,1052,295,62.4,28.3,16.6,A1,114,114,0,0
L60,fr,2024-11,14,1696,600,73.3,41.2,27.9,A1,236,233,3,0
L60,fr,2025-02,16,2364,797,81.3,53.9,37.2,A1,358,352,6,0
L60,fr,2025-05,18,2804,921,86.8,59.3,41.7,A1,440,433,7,0
L60,fr,2025-10,23,3365,1277,89.0,68.8,53.0,A1,634,619,15,1
L60,fr,2025-12,26,3747,1454,91.2,72.3,59.0,A1,752,731,21,2
L60,fr,2026-02,33,4362,1619,93.5,77.1,63.8,A2,900,864,36,5
L60,fr,2026-06,41,4903,1876,92.6,82.3,68.6,A2,1090,1040,50,8
L61,fr,2025-10,3,328,39,35.2,7.7,3.9,A1,20,20,0,0
L61,fr,2025-11,4,390,92,40.0,10.3,7.2,A1,29,29,0,0
L61,fr,2025-12,9,651,744,62.3,26.2,23.3,A1,121,121,0,0
L61,fr,2026-02,14,1440,959,83.7,45.3,33.1,A1,291,290,1,0
L61,fr,2026-03,26,2310,1196,92.7,65.9,49.4,A1,513,509,4,0
L61,fr,2026-06,41,3369,1662,96.9,78.3,62.6,A2,848,842,6,0
L62,nl,2018-03,20,1739,524,77.8,41.3,27.9,A1,217,217,0,0
L62,nl,2018-04,31,2466,759,80.4,55.0,40.7,A1,355,355,0,0
L62,nl,2018-05,41,2940,878,84.7,61.9,46.0,A1,441,441,0,0
L63,fr,2018-09,1,206,0,0.0,0.0,0.0,A1,0,0,0,0
L63,fr,2018-10,5,768,133,52.0,18.5,11.2,A1,60,60,0,0
L63,fr,2018-11,10,1219,332,67.9,31.0,19.9,A1,129,129,0,0
L63,fr,2019-02,13,1582,482,71.3,38.4,25.6,A1,186,186,0,0
L63,fr,2019-04,15,1821,594,76.4,48.2,31.6,A1,250,250,0,0
L63,fr,2019-06,17,2045,623,78.0,47.8,33.1,A1,278,277,1,0
L63,fr,2019-09,20,2254,723,79.1,50.4,35.2,A1,322,319,3,0
L63,fr,2019-11,24,2558,843,81.5,55.8,39.6,A1,391,380,11,0
L63,fr,2020-01,26,2677,895,81.5,58.0,41.8,A1,418,407,11,0
L63,fr,2020-02,28,2776,987,82.6,59.7,43.4,A1,459,447,12,0
L63,fr,2020-04,33,3018,1101,86.0,63.6,47.2,A1,539,526,13,0
L63,fr,2020-10,34,3180,1153,90.3,65.5,49.6,A1,585,570,15,1
L63,fr,2021-01,35,3221,1169,90.3,66.6,50.3,A1,596,581,15,1
L63,fr,2021-03,38,3342,1209,90.3,68.5,52.6,A1,626,610,16,1
L63,fr,2021-04,40,3432,1237,90.3,70.0,53.7,A1,653,635,18,1
L64,fr,2020-09,2,450,0,0.0,0.0,0.0,A1,0,0,0,0
L64,fr,2020-11,7,1441,274,69.0,34.2,20.3,A1,139,139,0,0
L64,fr,2021-09,8,1575,314,74.1,38.4,23.1,A1,163,163,0,0
L64,fr,2021-10,13,2185,600,82.0,52.1,35.8,A1,303,303,0,0
L64,fr,2021-12,17,2636,973,82.2,59.7,45.3,A1,454,452,2,0
L64,fr,2022-03,19,2934,1065,84.6,62.2,47.9,A1,519,517,2,0
L64,fr,2022-05,21,3245,1134,85.9,64.3,51.7,A1,586,582,4,0
L64,fr,2022-06,29,4030,1449,88.5,73.8,61.6,A1,812,804,8,0
L64,fr,2022-12,35,4640,1658,92.7,79.2,68.1,A2,976,955,21,3
L64,fr,2023-01,36,4725,1672,92.7,79.6,68.4,A2,993,973,20,3
L64,fr,2023-02,40,4979,1750,93.8,80.7,69.8,A2,1053,1020,33,4
L65,fr,2021-09,6,752,259,56.3,22.7,13.1,A1,82,82,0,0
L65,fr,2021-10,10,1424,484,77.4,39.9,24.9,A1,205,205,0,0
L65,fr,2021-11,13,1736,608,81.2,47.4,31.0,A1,266,266,0,0
L65,fr,2021-12,17,2151,679,82.8,57.8,38.1,A1,344,344,0,0
L65,fr,2022-01,24,2620,933,89.9,66.2,48.7,A1,485,484,1,0
L65,fr,2022-02,27,2814,1056,91.0,68.6,51.8,A1,553,551,2,0
L65,fr,2022-03,30,3164,1167,92.4,71.4,55.6,A1,642,639,3,0
L65,fr,2022-04,32,3317,1220,92.5,72.2,56.6,A1,677,674,3,0
L65,fr,2022-09,33,3403,1274,93.5,73.5,58.0,A1,705,700,5,0
L65,fr,2022-10,34,3476,1300,93.5,73.9,58.8,A1,728,720,8,0
L65,fr,2022-11,38,3696,1459,94.6,76.2,62.2,A1,811,799,12,0
L65,fr,2023-01,40,3783,1489,96.8,77.1,63.5,A1,842,830,12,0
L65,fr,2023-03,40,3783,1489,96.8,77.1,63.5,A1,842,830,12,0
L66,fr,2024-09,1,242,0,0.0,0.0,0.0,A1,0,0,0,0
L66,fr,2024-10,3,607,87,44.3,12.7,8.7,A1,41,41,0,0
L66,fr,2025-02,5,1099,200,67.1,24.9,14.6,A1,96,96,0,0
L66,fr,2025-03,17,2512,866,77.0,52.6,40.7,A1,394,389,5,0
L66,fr,2025-04,21,2791,1070,80.2,56.8,45.2,A1,489,482,7,0
L66,fr,2025-05,36,3617,1580,84.2,71.2,59.3,A2,778,768,10,0
L66,fr,2025-06,40,3893,1651,84.2,72.9,62.9,A2,844,831,13,0
L67,fr,2024-10,4,723,107,47.4,14.8,9.0,A1,51,51,0,0
L67,fr,2024-11,8,1579,421,72.0,34.0,21.0,A1,162,162,0,0
L67,fr,2024-12,11,1868,620,78.6,42.4,27.3,A1,237,236,1,0
L67,fr,2025-02,14,2221,802,83.7,51.2,35.7,A1,327,324,3,0
L67,fr,2025-03,17,2604,1075,83.1,57.4,44.0,A1,464,453,11,1
L67,fr,2025-04,20,2855,1198,83.7,59.9,47.1,A1,541,529,12,1
L67,fr,2025-05,23,3157,1371,84.9,62.5,51.1,A1,639,621,18,2
L67,fr,2026-02,29,3686,1514,87.4,69.5,58.0,A2,785,757,28,4
L67,fr,2026-03,33,4082,1657,89.8,72.4,62.5,A2,901,867,34,4
L67,fr,2026-06,40,4596,1858,89.8,79.1,68.9,A2,1059,1017,42,5
L68,fr,2025-10,3,490,50,35.6,10.0,5.0,A1,26,26,0,0
L68,fr,2025-11,7,937,496,74.6,31.2,24.6,A1,135,135,0,0
L68,fr,2025-12,10,1236,719,78.9,43.0,33.6,A1,209,208,1,0
L68,fr,2026-01,16,1903,972,85.3,52.1,40.4,A1,334,329,5,0
L68,fr,2026-03,26,2832,1294,80.9,62.3,49.4,A1,553,546,7,0
L68,fr,2026-05,32,3341,1492,83.1,69.4,55.8,A1,698,688,10,0
L68,fr,2026-06,40,3758,1690,87.9,73.9,60.9,A2,829,816,13,0
L69,fr,2018-09,2,524,0,0.0,0.0,0.0,A1,0,0,0,0
L69,fr,2018-11,6,997,237,60.5,25.5,16.2,A1,93,93,0,0
L69,fr,2019-02,8,1133,423,70.1,31.7,21.2,A1,138,138,0,0
L69,fr,2019-03,9,1192,498,71.4,34.8,23.4,A1,160,160,0,0
L69,fr,2019-06,18,2208,706,79.8,52.6,36.3,A1,328,326,2,0
L69,fr,2019-09,23,2667,885,83.9,57.6,42.9,A1,426,423,3,0
L69,fr,2019-10,25,2803,929,85.1,58.4,43.2,A1,458,452,6,0
L69,fr,2019-11,28,3064,1032,85.1,60.7,46.7,A1,523,517,6,0
L69,fr,2020-01,30,3310,1095,86.3,64.0,49.8,A1,578,571,7,0
L69,fr,2020-03,32,3428,1143,86.3,67.1,52.0,A1,615,603,12,1
L69,fr,2020-09,34,3710,1202,86.6,69.8,54.8,A1,666,649,17,1
L69,fr,2020-12,36,3855,1260,86.6,71.1,56.5,A1,709,692,17,1
L69,fr,2021-04,39,4041,1317,89.7,72.3,58.3,A1,760,738,22,1
L70,da,2021-08,2,287,0,0.0,0.0,0.0,A1,0,0,0,0
L70,da,2021-09,14,1130,401,74.2,40.8,25.4,A1,177,177,0,0
L70,da,2021-10,23,1501,625,81.2,49.8,33.9,A1,255,253,2,0
L70,da,2021-11,38,2144,885,92.8,62.9,47.6,A1,403,399,4,0
L71,fr,2018-09,1,287,0,0.0,0.0,0.0,A1,0,0,0,0
L71,fr,2018-11,3,561,40,32.8,8.0,4.0,A1,25,25,0,0
L71,fr,2019-01,9,1551,626,71.6,42.5,27.1,A1,221,221,0,0
L71,fr,2019-04,15,1957,856,78.0,52.1,35.9,A1,332,332,0,0
L71,fr,2019-05,17,2099,909,78.3,52.8,36.4,A1,360,360,0,0
L71,fr,2019-07,27,2626,1072,83.9,60.8,43.0,A1,469,461,8,0
L71,fr,2019-10,29,2777,1126,90.3,63.9,46.3,A1,515,505,10,0
L71,fr,2020-03,38,3285,1321,90.5,70.3,53.4,A1,655,636,19,4
L72,fr,2019-09,3,496,46,3.5,1.2,0.6,A1,5,5,0,0
L72,fr,2019-11,5,821,152,30.0,15.7,9.3,A1,50,50,0,0
L72,fr,2020-01,6,884,196,36.6,19.1,13.1,A1,66,66,0,0
L72,fr,2020-02,7,1229,242,47.5,24.4,15.2,A1,98,98,0,0
L72,fr,2020-06,11,1895,470,64.0,37.2,24.9,A1,207,199,8,0
L72,fr,2020-09,14,2279,703,74.2,51.7,37.3,A1,337,309,28,2
L72,fr,2020-11,19,2639,906,80.9,61.2,44.9,A1,443,402,41,5
L72,fr,2021-01,23,2839,1033,84.0,64.6,47.5,A1,508,458,50,8
L72,fr,2021-09,27,3106,1190,84.0,67.9,52.5,A1,598,528,70,10
L72,fr,2021-10,28,3178,1255,84.0,69.5,54.1,A1,634,560,74,10
L72,fr,2021-11,32,3410,1337,85.1,70.0,55.7,A1,692,611,81,13
L72,fr,2022-01,33,3529,1391,86.2,71.1,56.8,A1,727,641,86,16
L72,fr,2022-02,38,3886,1518,88.3,76.7,62.4,A2,832,727,105,19
L73,fr,2019-09,5,526,186,51.8,19.3,11.8,A1,71,71,0,0
L73,fr,2019-11,11,1335,527,81.3,42.7,27.2,A1,207,205,2,0
L73,fr,2020-01,28,2417,1113,88.3,60.4,45.4,A1,471,443,28,2
L73,fr,2020-02,34,3050,1237,90.4,67.3,52.2,A1,590,556,34,2
L73,fr,2020-03,35,3086,1261,90.4,67.2,52.3,A1,602,568,34,2
L73,fr,2020-10,37,3380,1295,91.5,68.1,54.6,A1,654,618,36,2
L73,fr,2021-09,38,3433,1293,90.5,69.5,55.4,A1,668,631,37,2
L74,fr,2023-10,3,544,87,36.1,9.1,5.6,A1,28,28,0,0
L74,fr,2023-12,7,992,354,67.5,27.8,18.8,A1,117,116,1,0
L74,fr,2024-12,13,1479,739,75.0,39.6,27.3,A1,231,228,3,0
L74,fr,2025-10,23,2189,1151,80.4,57.8,41.7,A1,429,421,8,0
L74,fr,2026-01,31,2610,1329,86.0,66.8,50.0,A1,557,547,10,0
L74,fr,2026-03,38,3046,1444,88.4,72.6,55.7,A1,660,647,13,0
L75,fr,2024-10,1,126,0,0.0,0.0,0.0,A1,0,0,0,0
L75,fr,2025-03,5,932,164,53.8,22.3,12.0,A1,77,77,0,0
L75,fr,2025-06,7,1240,295,58.3,28.7,19.8,A1,128,126,2,0
L75,fr,2025-10,9,1383,360,60.7,32.4,22.1,A1,154,149,5,0
L75,fr,2025-12,10,1520,470,65.6,36.9,24.8,A1,187,182,5,0
L75,fr,2026-01,13,1785,622,75.0,44.3,30.2,A1,254,248,6,0
L75,fr,2026-05,38,3542,1260,88.5,64.9,51.3,A1,650,590,60,13
L76,fr,2025-10,6,985,207,72.6,24.0,13.3,A1,86,86,0,0
L76,fr,2025-11,15,1669,662,81.8,42.2,30.4,A1,239,237,2,0
L76,fr,2026-02,23,2311,1065,92.0,62.6,46.5,A1,466,461,5,0
L76,fr,2026-05,29,2884,1245,91.2,66.6,54.2,A1,596,590,6,0
L76,fr,2026-06,38,3447,1525,92.4,73.2,62.6,A2,776,761,15,2
L77,de,2022-05,15,2936,723,81.2,53.4,37.8,A1,337,337,0,0
L77,de,2022-06,19,3772,928,86.7,65.5,47.1,A1,481,481,0,0
L77,de,2022-08,20,3808,936,86.7,65.7,47.3,A1,487,487,0,0
L77,de,2023-03,21,3841,940,86.7,65.5,47.8,A1,490,490,0,0
L77,de,2023-06,30,4474,1117,92.9,72.4,54.6,A1,603,602,1,0
L77,de,2024-04,36,4957,1273,93.9,74.9,57.2,A1,681,680,1,0
L77,de,2024-05,37,5012,1281,93.9,74.9,57.5,A1,688,687,1,0
L78,en,2018-09,2,308,0,0.0,0.0,0.0,A1,0,0,0,0
L78,en,2018-10,19,2182,870,87.8,52.4,40.1,A1,385,385,0,0
L78,en,2018-11,23,2729,1159,88.2,60.0,47.9,A1,552,552,0,0
L78,en,2018-12,34,3700,1668,93.7,73.6,61.4,A2,892,892,0,0
L78,en,2019-01,37,3845,1766,94.7,74.9,62.1,A2,952,952,0,0
L79,en,2019-09,34,2655,1200,93.8,66.1,52.9,A1,601,600,1,0
L79,en,2019-10,37,2819,1220,93.8,67.9,53.9,A1,631,630,1,0
L80,fr,2018-09,4,710,147,58.5,18.3,11.4,A1,59,59,0,0
L80,fr,2018-10,6,1069,352,70.4,30.0,19.5,A1,115,115,0,0
L80,fr,2019-01,7,1192,387,72.6,32.7,21.8,A1,132,132,0,0
L80,fr,2019-02,8,1359,426,70.7,34.3,23.2,A1,151,151,0,0
L80,fr,2019-03,9,1628,486,69.6,39.2,26.7,A1,187,187,0,0
L80,fr,2019-04,13,2159,652,73.3,48.0,35.3,A1,297,297,0,0
L80,fr,2019-05,14,2289,664,75.6,50.2,36.8,A1,315,315,0,0
L80,fr,2019-06,19,2915,821,82.2,54.2,41.6,A1,416,413,3,0
L80,fr,2019-10,23,3344,963,87.0,60.8,47.7,A1,523,516,7,0
L80,fr,2020-03,25,3731,1056,89.2,65.4,50.8,A1,603,594,9,0
L80,fr,2020-04,27,3880,1164,90.3,67.7,52.7,A1,664,653,11,0
L80,fr,2020-10,30,4129,1271,91.4,69.5,55.7,A1,737,722,15,0
L80,fr,2021-03,33,4595,1388,92.5,72.2,59.9,A1,829,804,25,0
L80,fr,2021-04,37,4919,1510,91.5,73.8,62.2,A2,918,881,37,2
L81,fr,2019-09,2,638,0,0.0,0.0,0.0,A1,0,0,0,0
L81,fr,2019-10,12,1179,240,70.7,30.4,17.0,A1,117,117,0,0
L81,fr,2019-12,20,1529,327,72.7,40.7,24.7,A1,173,172,1,0
L81,fr,2020-04,24,1863,413,79.8,47.8,29.2,A1,227,225,2,0
L81,fr,2020-05,27,2163,562,80.2,52.6,35.5,A1,307,303,4,0
L81,fr,2020-09,33,2355,631,81.2,55.5,38.4,A1,347,337,10,0
L81,fr,2021-01,36,2593,695,83.7,57.3,40.5,A1,391,377,14,1
L81,fr,2021-09,37,2645,716,85.7,58.8,41.8,A1,407,389,18,1
L82,fr,2019-09,1,280,0,0.0,0.0,0.0,A1,0,0,0,0
L82,fr,2019-12,11,1355,580,81.3,42.2,29.1,A1,218,217,1,0
L82,fr,2020-01,34,3285,1595,92.7,71.7,57.2,A2,723,717,6,0
L82,fr,2020-03,37,3422,1640,92.7,73.7,59.1,A2,765,759,6,0
L83,fr,2020-03,1,105,0,0.0,0.0,0.0,A1,0,0,0,0
L83,fr,2020-04,3,447,53,49.0,10.6,5.3,A1,25,25,0,0
L83,fr,2020-07,4,584,80,43.3,10.2,6.9,A1,34,34,0,0
L83,fr,2020-08,6,811,173,55.3,19.3,11.3,A1,68,68,0,0
L83,fr,2020-09,10,1266,330,76.2,35.4,20.8,A1,151,151,0,0
L83,fr,2020-10,14,1577,450,81.7,42.6,27.1,A1,212,212,0,0
L83,fr,2020-11,16,1797,485,80.5,45.8,29.8,A1,243,243,0,0
L83,fr,2020-12,17,1836,520,81.6,47.7,30.9,A1,258,258,0,0
L83,fr,2021-02,18,1914,603,81.6,52.5,34.6,A1,293,293,0,0
L83,fr,2021-03,19,1947,606,82.8,54.0,35.3,A1,298,298,0,0
L83,fr,2021-08,20,2112,643,84.1,55.2,36.7,A1,324,324,0,0
L83,fr,2021-09,24,2304,731,85.2,56.3,38.5,A1,370,369,1,0
L83,fr,2021-10,26,2422,789,86.5,60.9,43.3,A1,417,416,1,0
L83,fr,2021-11,26,2422,789,86.5,60.9,43.3,A1,417,415,2,0
L83,fr,2022-02,27,2526,860,86.5,61.8,44.5,A1,444,440,4,0
L83,fr,2022-09,30,2947,963,88.0,65.8,48.7,A1,530,525,5,0
L83,fr,2023-03,31,3042,1017,89.2,68.2,50.6,A1,566,561,5,0
L83,fr,2023-10,34,3271,1131,89.5,71.8,54.3,A1,641,633,8,0
L83,fr,2024-10,35,3311,1156,89.5,72.3,54.9,A1,654,646,8,0
L83,fr,2025-02,36,3382,1211,89.5,72.5,55.9,A1,678,670,8,0
L83,fr,2025-04,37,3409,1226,89.5,73.0,56.2,A1,685,677,8,0
L84,fr,2020-10,3,180,20,19.6,3.9,2.0,A1,10,10,0,0
L84,fr,2020-12,4,222,31,31.0,6.2,3.1,A1,18,18,0,0
L84,fr,2021-01,7,333,93,52.9,12.4,7.3,A1,43,43,0,0
L84,fr,2021-03,12,577,191,73.4,27.1,15.3,A1,89,89,0,0
L84,fr,2021-06,34,1540,862,81.7,53.0,34.9,A1,298,298,0,0
L84,fr,2021-12,37,1760,891,81.1,56.6,39.3,A1,342,342,0,0
L85,fr,2021-09,2,493,0,0.0,0.0,0.0,A1,0,0,0,0
L85,fr,2021-10,4,873,82,38.0,15.7,8.2,A1,50,50,0,0
L85,fr,2021-11,6,1111,204,56.0,24.9,14.4,A1,96,96,0,0
L85,fr,2021-12,9,1530,296,72.1,40.1,23.8,A1,176,164,12,0
L85,fr,2022-01,11,1582,328,75.6,43.7,26.4,A1,197,182,15,1
L85,fr,2022-02,12,2032,455,80.5,46.9,31.2,A1,252,234,18,2
L85,fr,2022-03,19,3185,1038,87.5,63.7,50.1,A1,539,516,23,5
L85,fr,2022-04,23,3600,1240,91.1,68.4,55.3,A1,651,618,33,6
L85,fr,2022-06,25,3896,1333,90.2,70.9,58.3,A1,727,689,38,7
L85,fr,2022-09,28,4244,1425,90.2,74.4,60.5,A1,796,747,49,9
L85,fr,2022-10,30,4374,1471,91.4,74.9,60.9,A1,826,776,50,9
L85,fr,2022-11,32,4497,1511,93.5,75.6,61.9,A2,856,805,51,8
L85,fr,2023-03,32,4497,1505,93.5,75.6,61.8,A2,853,803,50,8
L85,fr,2023-05,34,4593,1523,93.6,75.8,62.8,A2,874,823,51,8
L85,fr,2024-03,37,4738,1595,91.7,76.7,64.7,A2,925,867,58,9
L86,fr,2018-09,5,619,132,54.4,14.0,9.5,A1,42,42,0,0
L86,fr,2018-11,10,961,293,72.6,24.6,14.9,A1,88,88,0,0
L86,fr,2019-02,16,1394,486,71.4,34.0,23.9,A1,170,170,0,0
L86,fr,2019-03,18,1500,525,74.0,36.3,25.0,A1,188,188,0,0
L86,fr,2019-04,19,1528,527,74.0,36.2,25.3,A1,189,189,0,0
L86,fr,2019-05,20,1540,512,74.0,35.8,25.1,A1,188,188,0,0
L86,fr,2019-06,22,1630,536,76.6,38.2,26.7,A1,204,203,1,0
L86,fr,2019-07,26,1776,591,82.1,40.1,28.0,A1,224,220,4,1
L86,fr,2019-11,27,1834,610,81.0,40.2,28.1,A1,230,226,4,1
L86,fr,2020-04,31,2126,677,81.9,45.8,32.1,A1,283,278,5,1
L86,fr,2020-06,34,2232,707,85.7,48.4,34.3,A1,307,301,6,1
L86,fr,2020-10,35,2246,716,85.7,48.8,34.7,A1,312,306,6,1
L86,fr,2021-01,36,2246,716,85.7,48.8,34.7,A1,312,305,7,1
L87,fr,2021-09,2,478,0,0.0,0.0,0.0,A1,0,0,0,0
L87,fr,2021-10,6,990,129,59.2,21.5,11.2,A1,68,68,0,0
L87,fr,2021-11,8,1196,189,69.0,27.1,15.0,A1,94,94,0,0
L87,fr,2021-12,11,1511,338,67.1,34.8,20.4,A1,143,142,1,0
L87,fr,2022-01,13,1656,368,70.7,39.9,23.4,A1,174,171,3,1
L87,fr,2022-02,18,2025,463,72.3,41.6,26.6,A1,238,232,6,1
L87,fr,2022-04,22,2377,627,78.7,47.7,33.2,A1,317,301,16,2
L87,fr,2022-06,24,2500,675,83.0,51.6,35.7,A1,352,329,23,4
L87,fr,2022-11,26,2561,699,81.9,52.1,36.5,A1,364,341,23,2
L87,fr,2023-10,29,2852,829,85.1,57.5,40.8,A1,438,408,30,6
L87,fr,2024-01,34,3491,1070,87.5,67.2,50.8,A1,609,559,50,9
L87,fr,2024-02,36,3576,1128,89.6,68.9,52.2,A1,646,593,53,9
L88,fr,2021-09,1,179,0,0.0,0.0,0.0,A1,0,0,0,0
L88,fr,2021-11,5,689,138,54.1,17.0,9.1,A1,57,57,0,0
L88,fr,2021-12,6,939,162,59.3,18.9,11.8,A1,76,76,0,0
L88,fr,2022-02,8,1138,227,64.6,24.9,14.3,A1,103,103,0,0
L88,fr,2022-03,9,1231,255,71.4,28.6,17.0,A1,121,121,0,0
L88,fr,2022-04,11,1472,339,75.6,36.2,21.1,A1,165,165,0,0
L88,fr,2022-06,14,1825,456,75.3,44.0,27.4,A1,234,232,2,0
L88,fr,2022-09,17,2173,555,75.8,47.8,32.0,A1,288,278,10,0
L88,fr,2023-04,18,2263,605,78.0,50.3,34.5,A1,315,303,12,0
L88,fr,2023-05,24,2707,777,88.2,59.7,42.5,A1,429,408,21,3
L88,fr,2023-10,29,2855,888,88.2,61.6,44.6,A1,474,449,25,3
L88,fr,2024-03,36,3424,1167,90.4,67.9,52.3,A1,633,593,40,6
L89,fr,2022-10,5,1075,220,74.6,22.3,14.6,A1,91,91,0,0
L89,fr,2023-11,7,1384,360,76.9,34.1,21.8,A1,148,148,0,0
L89,fr,2023-12,19,2715,1032,80.0,55.4,43.7,A1,479,450,29,0
L89,fr,2024-01,23,3294,1292,85.6,63.1,50.1,A1,625,574,51,1
L89,fr,2024-04,28,3527,1244,88.2,62.5,48.7,A1,624,559,65,7
L89,fr,2024-10,31,3707,1259,88.3,62.6,49.3,A1,646,565,81,8
L89,fr,2024-12,34,3795,1239,89.4,61.5,48.6,A1,643,560,83,8
L89,fr,2025-03,36,4007,1260,90.4,61.3,49.0,A1,667,577,90,13
L90,fr,2023-10,5,953,109,43.8,18.0,9.5,A1,61,61,0,0
L90,fr,2023-11,13,1701,436,73.9,41.6,25.8,A1,201,201,0,0
L90,fr,2024-03,24,3077,930,83.7,66.7,48.0,A1,503,495,8,0
L90,fr,2024-10,28,3456,1055,84.7,70.7,54.0,A1,595,579,16,1
L90,fr,2024-11,31,3846,1194,84.7,71.9,56.6,A1,674,655,19,1
L90,fr,2024-12,33,4053,1300,86.7,75.6,59.7,A1,743,718,25,1
L90,fr,2025-05,36,4440,1437,86.7,76.7,61.4,A1,829,798,31,1
L91,fr,2024-10,5,694,139,48.5,18.9,10.4,A1,55,55,0,0
L91,fr,2024-11,9,1429,297,72.4,34.6,18.9,A1,135,134,1,0
L91,fr,2025-02,12,2145,490,73.6,42.1,26.6,A1,239,236,3,0
L91,fr,2025-03,15,2956,665,76.6,56.8,40.0,A1,384,375,9,0
L91,fr,2025-05,18,3728,890,81.9,63.8,49.1,A1,534,505,29,1
L91,fr,2025-09,20,3973,1012,83.0,66.0,52.0,A1,599,561,38,4
L91,fr,2025-10,21,4362,1064,84.0,68.6,53.9,A1,654,600,54,5
L91,fr,2025-11,23,4836,1197,86.3,74.6,58.7,A1,766,682,84,11
L91,fr,2025-12,25,5337,1319,84.7,75.6,62.0,A1,864,765,99,12
L91,fr,2026-01,27,5452,1415,87.8,78.1,64.3,A1,926,810,116,16
L91,fr,2026-02,29,5609,1500,86.7,78.4,65.6,A2,978,846,132,22
L91,fr,2026-03,30,5667,1536,87.8,79.5,66.0,A2,999,859,140,26
L91,fr,2026-05,33,5851,1623,89.8,80.4,67.3,A2,1065,906,159,32
L91,fr,2026-06,36,6109,1740,91.8,83.5,69.8,A2,1141,963,178,36
L92,fr,2020-09,3,539,45,36.8,9.0,4.5,A1,30,30,0,0
L92,fr,2020-11,5,1390,185,59.1,22.4,13.8,A1,96,96,0,0
L92,fr,2020-12,6,1502,264,64.0,26.4,16.3,A1,123,123,0,0
L92,fr,2021-02,7,1743,339,70.8,30.4,19.8,A1,157,157,0,0
L92,fr,2021-03,9,2084,530,75.3,39.7,26.8,A1,235,234,1,0
L92,fr,2021-06,12,2730,746,84.2,51.9,37.0,A1,366,363,3,0
L92,fr,2021-10,15,3282,898,86.3,59.4,44.0,A1,478,472,6,0
L92,fr,2021-12,21,4109,1174,85.4,66.0,51.7,A1,663,652,11,0
L92,fr,2022-01,23,4335,1237,84.7,69.3,53.8,A1,720,706,14,0
L92,fr,2022-03,24,4475,1292,84.7,69.8,55.1,A1,755,740,15,0
L92,fr,2022-06,29,5388,1567,87.8,75.8,62.9,A2,967,948,19,0
L92,fr,2022-09,31,5548,1634,87.8,76.3,63.6,A2,1017,994,23,0
L92,fr,2022-11,32,5608,1676,87.8,76.5,63.8,A2,1042,1019,23,0
L92,fr,2022-12,33,5708,1715,88.8,77.2,64.7,A2,1075,1051,24,1
L92,fr,2023-01,34,5782,1745,88.8,77.5,66.0,A2,1098,1074,24,1
L92,fr,2023-02,35,5897,1786,89.8,78.0,67.2,A2,1129,1101,28,1
L93,fr,2022-09,1,325,0,0.0,0.0,0.0,A1,0,0,0,0
L93,fr,2022-10,3,576,73,48.4,14.6,7.3,A1,40,40,0,0
L93,fr,2022-11,4,702,103,62.9,19.2,10.3,A1,58,58,0,0
L93,fr,2024-04,6,807,140,68.1,26.0,14.0,A1,80,80,0,0
L93,fr,2024-05,6,807,140,68.1,26.0,14.0,A1,80,80,0,0
L93,fr,2025-03,13,1922,496,72.0,39.5,25.6,A1,191,189,2,0
L93,fr,2025-10,16,2256,634,76.2,45.9,31.0,A1,254,251,3,0
L93,fr,2026-02,17,2368,651,76.2,46.8,32.1,A1,268,264,4,0
L93,fr,2026-03,35,4547,1581,84.4,73.1,61.5,A2,855,842,13,0
L94,da,2021-03,5,611,84,50.6,14.2,7.1,A1,56,56,0,0
L94,da,2021-04,7,703,136,58.4,19.5,10.5,A1,78,77,1,0
L94,da,2021-05,15,1154,266,76.3,28.6,16.7,A1,138,127,11,1
L94,da,2021-10,30,1663,518,89.5,45.8,29.0,A1,242,213,29,5
L94,da,2021-11,33,1782,555,89.6,48.6,30.7,A1,264,231,33,7
L94,da,2021-12,34,1828,565,89.6,49.8,31.1,A1,270,237,33,7
L95,en,2018-09,19,1581,433,88.4,40.0,26.0,A1,229,229,0,0
L95,en,2018-11,34,2333,837,91.8,56.6,39.7,A1,422,422,0,0
L96,fr,2018-09,3,289,40,30.4,8.1,4.0,A1,19,19,0,0
L96,fr,2018-10,4,364,71,44.6,14.2,7.1,A1,34,34,0,0
L96,fr,2018-12,5,431,140,45.8,16.7,10.3,A1,41,41,0,0
L96,fr,2019-01,9,1001,239,55.4,28.7,17.6,A1,101,101,0,0
L96,fr,2019-03,11,1234,283,71.3,33.4,19.4,A1,133,133,0,0
L96,fr,2019-05,13,1339,312,73.9,34.6,21.0,A1,149,149,0,0
L96,fr,2019-06,20,1809,475,76.1,42.2,27.8,A1,217,215,2,0
L96,fr,2019-09,22,1924,542,77.5,44.3,30.6,A1,241,238,3,0
L96,fr,2019-11,25,2055,579,78.7,45.4,31.9,A1,265,257,8,0
L96,fr,2020-01,26,2111,610,77.8,46.5,32.7,A1,277,268,9,0
L96,fr,2020-03,27,2272,674,77.8,49.9,37.4,A1,317,304,13,0
L96,fr,2020-06,30,2418,799,79.6,52.5,40.5,A1,371,356,15,0
L96,fr,2020-09,31,2436,813,79.6,53.0,41.5,A1,379,364,15,0
L96,fr,2020-10,34,2550,858,80.6,53.9,42.0,A1,406,386,20,0
L97,fr,2018-12,5,908,216,61.0,19.6,12.6,A1,82,82,0,0
L97,fr,2019-06,14,1928,557,76.3,43.7,29.4,A1,255,252,3,0
L97,fr,2019-10,15,2018,586,76.3,44.7,29.8,A1,263,260,3,0
L97,fr,2019-11,18,2158,609,76.3,45.4,30.4,A1,285,279,6,1
L97,fr,2020-01,21,2291,673,78.9,48.7,32.2,A1,321,310,11,1
L97,fr,2020-02,22,2351,691,78.9,50.6,33.6,A1,336,322,14,1
L97,fr,2020-04,26,2510,759,81.2,53.6,36.1,A1,377,361,16,2
L97,fr,2020-06,29,2646,844,79.4,54.6,38.2,A1,410,388,22,2
L97,fr,2020-10,31,2770,895,79.4,54.4,39.2,A1,436,411,25,2
L97,fr,2020-12,33,2912,982,81.4,58.8,42.7,A1,488,457,31,3
L97,fr,2021-09,34,2949,995,83.5,59.0,42.9,A1,497,463,34,4
L98,fr,2019-09,2,649,0,0.0,0.0,0.0,A1,0,0,0,0
L98,fr,2019-10,3,975,67,40.7,12.3,6.1,A1,44,44,0,0
L98,fr,2019-11,8,1506,306,66.7,30.8,19.0,A1,145,143,2,0
L98,fr,2019-12,10,1771,371,67.0,35.8,23.7,A1,185,182,3,0
L98,fr,2020-01,12,1920,428,68.2,39.2,26.1,A1,209,205,4,0
L98,fr,2020-03,12,1920,422,68.2,38.6,25.5,A1,206,202,4,0
L98,fr,2020-05,13,2113,491,69.7,43.0,29.6,A1,244,239,5,0
L98,fr,2020-09,17,2429,619,74.7,47.3,34.5,A1,310,304,6,0
L98,fr,2020-10,20,2604,710,81.5,52.4,38.1,A1,362,351,11,0
L98,fr,2020-11,23,2764,783,83.9,54.5,39.9,A1,404,392,12,1
L98,fr,2021-01,26,3141,944,86.0,58.3,43.1,A1,497,478,19,2
L98,fr,2021-02,30,3552,1135,87.1,63.8,49.6,A1,618,587,31,2
L98,fr,2021-09,31,3586,1148,88.2,64.7,50.1,A1,629,593,36,2
L98,fr,2021-11,34,3666,1194,88.2,65.8,51.3,A1,654,610,44,2
L99,fr,2020-09,2,525,0,0.0,0.0,0.0,A1,0,0,0,0
L99,fr,2020-11,3,752,69,44.3,11.0,5.5,A1,36,36,0,0
L99,fr,2020-12,4,878,110,49.4,15.9,8.4,A1,55,55,0,0
L99,fr,2021-03,5,997,141,57.7,18.9,10.4,A1,70,70,0,0
L99,fr,2021-05,6,1315,238,62.5,24.6,15.1,A1,104,103,1,0
L99,fr,2021-09,7,1421,263,62.5,28.1,16.8,A1,119,118,1,0
L99,fr,2021-10,8,1547,282,67.5,31.0,18.7,A1,135,134,1,0
L99,fr,2021-11,9,1714,336,74.7,36.3,21.8,A1,166,165,1,0
L99,fr,2022-06,15,2003,537,80.7,45.5,29.4,A1,249,247,2,0
L99,fr,2022-08,16,2105,565,84.1,50.9,32.3,A1,274,272,2,0
L99,fr,2022-11,18,2290,665,85.4,53.6,34.6,A1,319,316,3,0
L99,fr,2022-12,20,2371,722,86.7,54.8,36.2,A1,344,341,3,0
L99,fr,2023-03,23,2555,850,87.9,58.1,40.3,A1,411,407,4,0
L99,fr,2023-04,26,2731,947,87.9,61.9,44.1,A1,469,464,5,0
L99,fr,2023-10,27,2779,980,87.9,62.8,44.5,A1,487,481,6,0
L99,fr,2024-01,31,2886,1069,88.0,64.3,47.1,A1,528,520,8,1
L99,fr,2024-03,34,3062,1206,89.1,66.6,50.5,A1,588,580,8,1
L100,fr,2020-09,5,747,119,62.5,19.7,11.9,A1,65,65,0,0
L100,fr,2020-11,7,949,180,73.0,26.5,16.2,A1,95,95,0,0
L100,fr,2020-12,8,1057,214,75.0,29.4,18.4,A1,111,111,0,0
L100,fr,2021-03,13,1550,353,79.7,37.2,23.5,A1,166,164,2,0
L100,fr,2021-04,16,1762,495,82.5,43.8,28.2,A1,219,216,3,0
L100,fr,2021-06,20,2092,638,81.2,48.9,33.2,A1,288,280,8,0
L100,fr,2021-09,21,2158,674,82.4,49.0,33.6,A1,298,289,9,0
L100,fr,2021-10,23,2303,719,83.9,49.6,34.2,A1,326,315,11,0
L100,fr,2021-11,26,2616,769,87.4,53.1,37.5,A1,372,358,14,0
L100,fr,2021-12,27,2675,791,83.5,55.2,38.5,A1,390,377,13,0
L100,fr,2022-06,31,2944,878,86.0,59.2,42.8,A1,461,439,22,2
L100,fr,2022-11,32,3021,897,86.0,60.4,43.1,A1,472,449,23,2
L100,fr,2023-02,34,3109,919,86.0,60.7,43.8,A1,488,462,26,2
L101,fr,2020-09,3,196,15,14.6,2.9,1.5,A1,7,7,0,0
L101,fr,2020-10,3,196,15,14.6,2.9,1.5,A1,7,7,0,0
L101,fr,2020-11,4,589,25,25.0,5.0,2.5,A1,19,19,0,0
L101,fr,2020-12,5,618,35,35.1,7.0,3.5,A1,27,27,0,0
L101,fr,2021-01,6,643,49,49.4,9.9,4.9,A1,39,39,0,0
L101,fr,2021-03,7,687,67,51.2,11.8,5.9,A1,45,45,0,0
L101,fr,2021-06,10,1436,288,67.4,30.5,18.9,A1,140,140,0,0
L101,fr,2021-09,11,1488,325,73.0,32.4,21.3,A1,158,158,0,0
L101,fr,2021-10,13,1681,447,75.3,38.6,25.6,A1,199,198,1,0
L101,fr,2021-11,17,2268,570,80.6,46.4,32.4,A1,285,278,7,0
L101,fr,2021-12,19,2396,609,80.9,49.0,34.7,A1,316,305,11,0
L101,fr,2022-02,20,2448,636,83.0,51.2,36.3,A1,332,321,11,0
L101,fr,2022-04,21,2621,698,85.3,54.8,38.6,A1,366,352,14,0
L101,fr,2022-05,22,2674,716,84.4,56.0,39.1,A1,378,363,15,0
L101,fr,2022-09,23,2730,753,84.4,56.2,39.8,A1,396,379,17,0
L101,fr,2022-10,25,3134,833,85.4,60.7,43.7,A1,455,437,18,0
L101,fr,2023-01,26,3234,874,85.4,62.6,46.7,A1,488,469,19,0
L101,fr,2023-02,27,3312,896,86.5,64.1,47.2,A1,508,485,23,1
L101,fr,2023-03,30,3545,974,91.7,69.6,51.0,A1,576,547,29,2
L101,fr,2023-04,31,3556,963,91.7,68.4,50.1,A1,570,539,31,3
L101,fr,2023-10,33,3687,992,93.8,69.5,50.6,A1,593,559,34,2
L101,fr,2023-12,34,3734,1009,93.8,69.5,51.0,A1,605,572,33,1
L102,fr,2020-09,2,476,0,0.0,0.0,0.0,A1,0,0,0,0
L102,fr,2020-10,4,587,48,36.0,9.5,4.8,A1,33,33,0,0
L102,fr,2020-11,6,851,122,57.8,20.3,12.2,A1,74,74,0,0
L102,fr,2020-12,8,1123,200,65.9,28.3,16.5,A1,113,113,0,0
L102,fr,2021-06,16,2340,679,84.4,48.8,35.2,A1,338,325,13,1
L102,fr,2021-10,17,2563,795,83.5,52.0,37.7,A1,389,374,15,1
L102,fr,2021-12,18,2676,818,85.7,54.1,39.2,A1,408,392,16,1
L102,fr,2022-03,21,2966,922,84.6,57.7,43.4,A1,473,450,23,1
L102,fr,2023-01,27,3418,1048,83.9,63.0,47.1,A1,565,525,40,3
L102,fr,2023-02,34,3995,1263,86.0,70.1,54.7,A1,720,657,63,11
L103,fr,2022-09,1,221,0,0.0,0.0,0.0,A1,0,0,0,0
L103,fr,2022-10,3,458,47,35.4,7.6,4.7,A1,25,25,0,0
L103,fr,2022-11,7,1127,234,76.9,27.6,14.9,A1,107,107,0,0
L103,fr,2022-12,8,1408,258,77.4,30.6,17.7,A1,136,136,0,0
L103,fr,2023-12,10,1568,332,82.1,35.6,20.5,A1,171,170,1,0
L103,fr,2024-01,11,1679,386,82.1,39.4,24.4,A1,197,195,2,0
L103,fr,2024-02,13,1923,497,83.5,43.8,27.9,A1,242,240,2,0
L103,fr,2024-04,16,2060,565,84.9,48.5,30.6,A1,278,276,2,0
L103,fr,2024-10,25,3028,944,88.9,61.4,45.4,A1,496,479,17,4
L103,fr,2024-12,30,3630,1144,85.9,66.6,50.7,A1,615,589,26,4
L103,fr,2025-02,34,3992,1273,88.0,69.3,54.0,A1,697,666,31,4
L104,fr,2023-10,3,388,81,28.0,7.0,6.6,A1,19,19,0,0
L104,fr,2023-11,7,924,276,63.0,29.2,16.1,A1,101,100,1,0
L104,fr,2023-12,9,1056,489,69.3,34.3,21.6,A1,141,138,3,0
L104,fr,2024-01,12,1240,520,75.6,42.8,26.0,A1,186,181,5,0
L104,fr,2024-03,14,1327,547,72.2,42.2,27.0,A1,194,184,10,1
L104,fr,2024-11,16,1589,662,74.7,48.2,32.4,A1,250,238,12,1
L104,fr,2024-12,16,1589,657,74.7,48.2,31.9,A1,248,236,12,2
L104,fr,2025-03,22,1835,811,78.2,51.8,35.7,A1,307,293,14,2
L104,fr,2025-06,24,2128,876,79.3,53.4,38.0,A1,354,337,17,2
L104,fr,2025-10,27,2285,1009,77.5,55.2,41.8,A1,405,385,20,2
L104,fr,2026-01,29,2500,1016,72.8,57.0,43.3,A1,435,412,23,3
L104,fr,2026-03,34,2895,1251,88.3,64.3,50.8,A1,572,540,32,5
L105,fr,2023-10,3,837,68,45.7,11.2,5.6,A1,37,37,0,0
L105,fr,2024-02,4,1081,143,60.8,20.6,13.3,A1,78,78,0,0
L105,fr,2024-04,10,1441,340,65.1,30.8,19.0,A1,133,130,3,0
L105,fr,2024-06,18,2221,577,86.7,47.3,32.3,A1,277,250,27,8
L105,fr,2024-10,22,2786,858,89.1,57.1,41.3,A1,426,379,47,12
L105,fr,2024-12,26,3432,1066,89.2,64.2,48.4,A1,563,511,52,14
L105,fr,2025-02,29,3723,1309,91.4,68.5,54.3,A1,689,624,65,16
L105,fr,2025-04,31,3946,1406,90.4,69.3,54.6,A1,749,674,75,18
L105,fr,2025-06,34,4236,1572,90.5,71.6,57.6,A2,838,756,82,18
L106,fr,2025-09,2,276,0,0.0,0.0,0.0,A1,0,0,0,0
L106,fr,2025-10,9,970,620,77.3,31.2,26.1,A1,147,147,0,0
L106,fr,2025-11,21,1868,828,80.3,41.7,32.3,A1,267,264,3,0
L106,fr,2026-02,28,2491,1140,79.8,55.8,43.8,A1,466,460,6,0
L106,fr,2026-05,34,3175,1349,86.5,66.8,53.3,A1,620,613,7,0
L107,fr,2019-09,4,1340,189,68.8,27.8,15.8,A1,101,101,0,0
L107,fr,2020-01,8,2132,458,70.9,41.5,27.9,A1,218,218,0,0
L107,fr,2020-03,13,2604,670,83.0,55.0,39.0,A1,348,348,0,0
L107,fr,2020-05,17,2991,892,82.4,62.0,46.0,A1,465,465,0,0
L107,fr,2020-09,26,3551,1079,88.0,65.3,50.1,A1,585,581,4,0
L107,fr,2020-10,27,3614,1111,88.0,65.9,50.9,A1,603,598,5,0
L107,fr,2020-11,28,3739,1161,90.2,67.5,52.9,A1,632,627,5,0
L107,fr,2021-01,32,3877,1204,91.3,69.0,54.9,A1,671,664,7,0
L107,fr,2021-09,33,3893,1210,92.4,70.3,55.5,A1,677,669,8,0
L108,fr,2019-09,2,196,0,0.0,0.0,0.0,A1,0,0,0,0
L108,fr,2019-11,9,1160,232,64.0,27.9,15.3,A1,112,111,1,0
L108,fr,2019-12,15,1480,326,78.7,37.6,22.3,A1,176,171,5,0
L108,fr,2020-02,17,1737,378,79.2,40.4,26.1,A1,209,204,5,0
L108,fr,2020-03,23,2072,451,82.3,45.8,30.0,A1,256,244,12,0
L108,fr,2020-06,24,2199,487,84.4,48.7,31.7,A1,278,265,13,0
L108,fr,2020-08,25,2364,548,86.5,50.6,33.4,A1,307,290,17,0
L108,fr,2020-09,26,2481,557,88.5,52.7,34.9,A1,325,307,18,0
L108,fr,2020-10,28,2779,645,89.6,55.3,36.2,A1,370,350,20,0
L108,fr,2020-11,31,3021,722,91.7,59.3,39.0,A1,421,393,28,0
L108,fr,2020-12,32,3082,754,91.7,60.0,40.1,A1,439,407,32,0
L108,fr,2021-01,33,3240,835,92.7,63.5,43.7,A1,484,442,42,3
L109,fr,2020-10,2,783,0,0.0,0.0,0.0,A1,0,0,0,0
L109,fr,2020-11,7,1809,488,78.3,39.5,28.8,A1,194,193,1,0
L109,fr,2021-02,10,2013,634,84.3,45.7,33.5,A1,253,252,1,0
L109,fr,2021-05,13,2413,821,80.5,51.2,38.3,A1,334,331,3,0
L109,fr,2021-09,21,3068,1130,83.1,62.9,48.9,A1,519,507,12,3
L109,fr,2021-10,23,3250,1166,84.3,65.9,51.6,A1,555,541,14,3
L109,fr,2021-11,28,3941,1329,86.2,71.5,57.2,A1,694,670,24,4
L109,fr,2022-01,31,4054,1352,86.2,71.8,57.9,A1,711,686,25,4
L109,fr,2022-02,33,4300,1413,82.6,70.7,59.0,A1,765,734,31,6
L110,fr,2021-09,4,911,150,62.5,23.4,11.7,A1,79,79,0,0
L110,fr,2021-10,6,1112,211,75.6,29.2,15.8,A1,115,115,0,0
L110,fr,2021-11,7,1364,296,78.3,35.6,20.9,A1,148,148,0,0
L110,fr,2021-12,8,1441,316,80.7,37.1,22.4,A1,163,163,0,0
L110,fr,2022-01,9,1476,325,80.7,38.2,23.0,A1,170,170,0,0
L110,fr,2022-02,11,1609,419,82.4,41.5,26.9,A1,210,210,0,0
L110,fr,2022-03,13,1910,465,85.9,43.0,29.5,A1,246,245,1,0
L110,fr,2022-10,16,2275,624,90.7,50.7,35.5,A1,321,318,3,0
L110,fr,2022-11,18,2592,722,87.6,56.1,39.8,A1,385,375,10,1
L110,fr,2023-03,22,2953,878,85.9,62.3,46.1,A1,483,467,16,1
L110,fr,2023-05,27,3315,1119,89.1,67.9,51.5,A1,607,584,23,1
L110,fr,2023-10,30,3560,1262,91.3,73.0,56.6,A1,698,669,29,1
L110,fr,2023-11,31,3652,1307,93.5,74.6,59.2,A1,733,701,32,2
L110,fr,2024-02,33,3788,1374,93.5,75.9,60.9,A1,771,739,32,2
L111,fr,2021-10,3,401,0,0.0,0.0,0.0,A1,0,0,0,0
L111,fr,2021-12,5,869,153,46.3,14.3,8.7,A1,60,60,0,0
L111,fr,2022-03,6,1012,200,54.1,19.2,11.8,A1,83,83,0,0
L111,fr,2022-06,11,1725,576,75.9,43.8,28.0,A1,227,225,2,0
L111,fr,2022-10,19,2444,870,88.8,56.4,38.0,A1,394,387,7,0
L111,fr,2022-12,20,2504,878,87.6,54.9,37.6,A1,400,388,12,0
L111,fr,2023-03,33,3423,1427,93.4,69.8,54.4,A1,699,662,37,2
L112,fr,2022-10,3,679,79,28.1,9.6,5.6,A1,28,28,0,0
L112,fr,2022-12,4,763,105,42.6,15.3,8.3,A1,45,45,0,0
L112,fr,2023-01,8,829,128,52.2,18.9,10.8,A1,59,59,0,0
L112,fr,2023-03,10,1025,207,56.9,25.9,15.6,A1,88,87,1,0
L112,fr,2023-09,18,2502,592,77.3,47.0,30.8,A1,300,269,31,9
L112,fr,2024-01,19,2532,595,77.3,47.4,31.2,A1,304,273,31,9
L112,fr,2024-03,24,2869,815,84.8,57.6,39.9,A1,422,372,50,14
L112,fr,2025-02,25,3028,927,84.8,59.3,43.3,A1,477,425,52,13
L112,fr,2025-03,27,3241,1074,87.2,62.3,48.1,A1,555,493,62,16
L112,fr,2025-05,28,3340,1181,88.3,64.0,51.2,A1,607,538,69,16
L112,fr,2025-10,32,3489,1291,88.4,67.0,55.0,A1,673,594,79,17
L112,fr,2026-03,33,3554,1315,88.4,67.8,55.5,A1,690,604,86,17
L113,fr,2024-09,5,799,162,57.1,16.2,10.5,A1,70,70,0,0
L113,fr,2024-10,5,799,162,57.1,16.2,10.5,A1,70,70,0,0
L113,fr,2024-12,10,1599,481,68.5,33.8,22.5,A1,189,188,1,0
L113,fr,2025-04,15,2499,905,80.4,53.7,40.3,A1,400,396,4,0
L113,fr,2025-05,17,2772,1049,83.7,56.4,43.3,A1,471,466,5,0
L113,fr,2025-09,23,3239,1292,90.2,63.7,50.0,A1,614,606,8,0
L113,fr,2025-11,26,3401,1327,91.3,64.8,51.1,A1,649,639,10,0
L113,fr,2026-03,29,3638,1448,91.3,65.8,54.1,A1,723,711,12,0
L113,fr,2026-05,33,3826,1520,93.5,70.5,59.5,A2,795,781,14,0
L114,fr,2024-10,5,837,168,54.8,21.6,12.2,A1,69,69,0,0
L114,fr,2024-11,9,1252,374,71.8,31.8,20.0,A1,130,130,0,0
L114,fr,2025-02,13,1776,580,77.1,42.2,29.6,A1,232,228,4,0
L114,fr,2025-03,16,2217,781,75.3,49.9,36.1,A1,338,331,7,0
L114,fr,2025-05,20,2563,978,80.0,56.2,42.5,A1,431,419,12,0
L114,fr,2026-02,26,3239,1164,88.2,66.7,51.0,A1,598,582,16,0
L114,fr,2026-05,27,3276,1159,88.2,66.6,51.1,A1,605,587,18,0
L114,fr,2026-06,33,3763,1387,92.5,72.3,57.9,A1,749,719,30,1
L115,fr,2019-09,1,232,0,0.0,0.0,0.0,A1,0,0,0,0
L115,fr,2019-10,7,821,142,56.6,15.2,9.4,A1,59,59,0,0
L115,fr,2019-11,11,1276,243,67.5,27.4,16.6,A1,115,114,1,0
L115,fr,2020-03,13,1326,281,67.9,29.7,18.0,A1,128,127,1,0
L115,fr,2020-04,18,1564,423,75.0,37.9,23.9,A1,189,185,4,0
L115,fr,2020-05,21,1724,463,75.3,38.1,25.5,A1,223,214,9,1
L115,fr,2020-06,29,2181,604,85.6,50.2,35.8,A1,328,303,25,2
L115,fr,2020-09,31,2204,614,86.6,51.1,36.1,A1,334,306,28,3
L115,fr,2020-11,32,2360,616,87.6,52.2,36.9,A1,345,315,30,3
L116,fr,2024-09,1,67,0,0.0,0.0,0.0,A1,0,0,0,0
L116,fr,2024-10,4,754,164,38.5,13.9,9.6,A1,52,52,0,0
L116,fr,2024-11,10,1529,477,71.8,35.2,23.1,A1,179,178,1,0
L116,fr,2024-12,14,1956,564,75.6,41.1,27.9,A1,241,240,1,0
L116,fr,2025-02,16,2402,642,76.4,47.8,32.3,A1,298,291,7,0
L116,fr,2025-03,18,2586,738,78.7,49.9,35.2,A1,341,330,11,0
L116,fr,2025-05,22,3181,968,79.6,57.6,43.7,A1,481,460,21,0
L116,fr,2026-02,26,3682,1167,80.6,64.7,50.4,A1,627,594,33,2
L116,fr,2026-03,27,3742,1222,83.7,66.4,51.9,A1,661,625,36,3
L116,fr,2026-05,28,3831,1256,83.7,66.7,53.7,A1,685,646,39,4
L116,fr,2026-06,32,4148,1437,85.7,70.9,58.0,A1,806,751,55,7
L117,fr,2024-10,1,126,0,0.0,0.0,0.0,A1,0,0,0,0
L117,fr,2024-12,5,751,175,60.3,20.8,11.0,A1,66,66,0,0
L117,fr,2025-04,10,1968,549,74.7,42.9,30.9,A1,239,239,0,0
L117,fr,2025-06,18,2727,912,77.8,54.2,40.3,A1,423,422,1,0
L117,fr,2025-10,21,3020,1064,78.9,59.5,46.1,A1,514,511,3,0
L117,fr,2025-12,24,3370,1195,80.0,61.7,48.7,A1,592,588,4,0
L117,fr,2026-02,27,3693,1304,87.1,66.7,52.6,A1,698,693,5,0
L117,fr,2026-06,32,4068,1493,90.3,72.0,58.0,A1,824,818,6,0
L118,fr,2024-11,10,2135,529,77.1,42.7,28.7,A1,246,239,7,0
L118,fr,2025-03,17,3387,1134,83.0,65.4,49.8,A1,585,564,21,2
L118,fr,2025-05,21,4172,1402,87.2,72.0,57.9,A1,776,747,29,4
L118,fr,2025-11,23,4335,1500,90.4,75.8,61.3,A2,845,813,32,5
L118,fr,2025-12,24,4618,1570,90.4,77.9,62.4,A2,910,874,36,5
L118,fr,2026-02,27,4894,1661,92.6,80.5,65.7,A2,986,944,42,6
L118,fr,2026-06,32,5295,1820,91.6,81.2,67.9,A2,1090,1040,50,6
L119,fr,2025-10,6,676,95,58.2,15.7,8.4,A1,48,48,0,0
L119,fr,2026-01,11,1392,295,64.7,29.3,19.0,A1,130,130,0,0
L119,fr,2026-02,13,1708,378,69.8,33.3,21.0,A1,168,168,0,0
L119,fr,2026-05,18,2174,623,77.5,49.0,32.7,A1,292,292,0,0
L119,fr,2026-06,32,3228,1173,89.0,68.4,53.7,A1,607,599,8,0
L120,nl,2018-03,14,1015,498,72.4,35.8,25.8,A1,142,142,0,0
L120,nl,2018-04,20,1740,591,78.4,43.7,29.9,A1,223,223,0,0
L120,nl,2018-05,32,2397,876,91.3,53.9,38.7,A1,357,357,0,0
L121,fr,2018-03,2,221,0,0.0,0.0,0.0,A1,0,0,0,0
L121,fr,2018-04,5,625,99,53.8,16.0,8.0,A1,46,46,0,0
L121,fr,2018-05,7,900,264,64.0,23.4,16.0,A1,91,91,0,0
L121,fr,2019-02,10,1308,412,67.9,34.1,22.0,A1,152,152,0,0
L121,fr,2019-03,26,2974,1199,87.0,66.0,50.8,A1,576,576,0,0
L121,fr,2019-04,31,3438,1385,88.2,72.2,55.8,A1,686,681,5,0
L122,fr,2018-09,2,436,0,0.0,0.0,0.0,A1,0,0,0,0
L122,fr,2018-12,5,698,117,62.9,19.7,9.9,A1,60,60,0,0
L122,fr,2019-02,7,1112,182,69.1,24.5,14.4,A1,95,95,0,0
L122,fr,2019-04,9,1564,280,72.3,33.9,20.5,A1,142,142,0,0
L122,fr,2019-06,16,2072,590,77.2,43.2,29.8,A1,266,261,5,0
L122,fr,2019-09,19,2556,756,84.0,54.2,38.7,A1,380,369,11,0
L122,fr,2019-11,20,2724,822,86.2,55.8,40.6,A1,419,405,14,0
L122,fr,2019-12,21,2763,829,85.3,55.7,40.8,A1,425,411,14,0
L122,fr,2020-01,23,2900,888,86.3,58.8,43.6,A1,462,445,17,0
L122,fr,2020-03,25,3007,961,89.5,61.5,46.8,A1,503,483,20,1
L122,fr,2020-04,26,3164,1022,90.5,63.7,48.8,A1,544,523,21,1
L122,fr,2020-10,29,3360,1092,90.5,64.7,50.6,A1,594,572,22,3
L122,fr,2020-11,30,3465,1137,90.5,65.6,51.7,A1,621,598,23,4
L122,fr,2021-03,31,3548,1173,91.6,65.6,51.8,A1,641,616,25,4
L123,fr,2019-03,17,2179,798,83.1,53.4,36.7,A1,336,336,0,0
L123,fr,2019-04,31,3359,1283,91.2,69.9,54.1,A1,646,645,1,0
L124,fr,2019-09,5,423,100,42.6,14.5,7.9,A1,35,35,0,0
L124,fr,2019-11,7,614,167,60.9,20.0,10.5,A1,55,55,0,0
L124,fr,2019-12,9,983,248,69.1,25.4,15.4,A1,86,86,0,0
L124,fr,2020-02,10,1237,327,76.7,34.7,20.2,A1,129,129,0,0
L124,fr,2020-03,13,1580,491,75.6,38.9,26.5,A1,189,188,1,0
L124,fr,2020-04,14,2111,481,73.8,41.3,27.9,A1,218,215,3,0
L124,fr,2020-05,16,2521,564,77.8,47.4,32.7,A1,276,272,4,0
L124,fr,2020-06,20,3489,916,79.1,55.9,41.0,A1,459,448,11,0
L124,fr,2020-09,21,3588,956,78.2,58.0,42.9,A1,484,472,12,0
L124,fr,2020-10,22,3714,1027,78.2,60.8,45.3,A1,522,508,14,1
L124,fr,2020-11,23,3745,1085,79.3,62.0,46.6,A1,547,532,15,1
L124,fr,2020-12,27,4204,1261,85.6,66.9,53.3,A1,678,655,23,3
L124,fr,2021-01,30,4404,1358,88.9,70.0,55.9,A1,739,709,30,3
L124,fr,2021-02,31,4413,1368,90.0,70.2,56.0,A1,743,712,31,3
L125,fr,2020-09,2,573,0,0.0,0.0,0.0,A1,0,0,0,0
L125,fr,2020-10,4,769,107,58.3,16.9,9.4,A1,57,57,0,0
L125,fr,2020-11,5,909,125,58.7,20.2,11.3,A1,69,69,0,0
L125,fr,2020-12,7,1092,201,65.4,25.9,15.0,A1,98,98,0,0
L125,fr,2021-03,11,1369,334,72.9,32.9,19.6,A1,148,146,2,0
L125,fr,2021-06,18,1927,539,80.2,45.9,29.2,A1,255,251,4,0
L125,fr,2021-10,22,2178,661,82.6,53.5,36.0,A1,323,319,4,0
L125,fr,2021-12,24,2253,728,83.7,56.4,38.6,A1,355,348,7,0
L125,fr,2022-02,25,2313,764,85.9,56.8,39.2,A1,372,362,10,0
L125,fr,2022-03,26,2358,778,85.9,57.3,39.5,A1,380,370,10,0
L125,fr,2022-10,27,2432,795,85.9,57.5,39.9,A1,387,377,10,0
L125,fr,2023-01,28,2517,808,85.9,58.2,40.8,A1,398,387,11,0
L125,fr,2023-02,31,2716,837,86.2,59.5,42.5,A1,428,414,14,0
L126,fr,2024-09,7,763,413,73.4,31.7,22.9,A1,110,110,0,0
L126,fr,2025-04,12,1243,536,76.4,42.3,28.9,A1,172,172,0,0
L126,fr,2025-06,16,1646,873,84.2,51.2,36.2,A1,279,277,2,0
L126,fr,2025-10,20,1943,945,77.9,53.4,38.3,A1,336,334,2,0
L126,fr,2026-04,27,2300,1165,86.2,60.8,44.5,A1,451,447,4,0
L126,fr,2026-05,31,2756,1219,89.8,66.0,48.5,A1,549,543,6,0
L127,fr,2024-09,5,797,124,40.5,12.4,7.6,A1,50,50,0,0
L127,fr,2024-10,8,1201,458,63.4,32.5,22.1,A1,154,153,1,0
L127,fr,2024-12,9,1380,450,65.1,34.6,23.8,A1,169,168,1,0
L127,fr,2025-03,10,1637,547,69.0,41.3,28.8,A1,221,220,1,0
L127,fr,2025-06,11,1696,578,68.5,42.6,29.5,A1,236,235,1,0
L127,fr,2025-10,17,2226,793,71.9,53.8,38.1,A1,334,331,3,0
L127,fr,2026-02,19,2353,878,71.9,53.7,39.3,A1,370,367,3,0
L127,fr,2026-03,23,2891,1007,77.2,59.5,44.3,A1,467,462,5,0
L127,fr,2026-04,27,3245,1232,82.6,62.1,51.2,A1,596,586,10,0
L127,fr,2026-05,31,3571,1395,83.9,67.8,56.8,A1,703,689,14,0
L128,fr,2024-10,6,759,117,47.9,16.6,8.7,A1,51,51,0,0
L128,fr,2024-11,10,1303,224,60.5,22.3,13.4,A1,99,96,3,0
L128,fr,2024-12,12,1731,313,62.8,28.8,18.4,A1,141,137,4,0
L128,fr,2025-02,14,1921,448,67.0,33.1,21.7,A1,189,180,9,2
L128,fr,2025-03,17,2099,521,70.0,37.4,25.8,A1,229,217,12,3
L128,fr,2025-05,20,2330,608,75.6,43.0,29.9,A1,281,266,15,3
L128,fr,2025-12,22,2479,692,74.7,45.0,32.9,A1,318,299,19,4
L128,fr,2026-03,24,2629,831,79.1,47.8,35.9,A1,371,347,24,4
L128,fr,2026-06,31,2988,1033,84.8,56.0,42.3,A1,491,455,36,5
L129,fr,2019-09,1,287,0,0.0,0.0,0.0,A1,0,0,0,0
L129,fr,2019-10,2,564,0,0.0,0.0,0.0,A1,0,0,0,0
L129,fr,2019-11,5,1312,121,33.3,16.7,9.4,A1,56,56,0,0
L129,fr,2020-01,7,1565,200,55.1,25.7,14.6,A1,97,97,0,0
L129,fr,2020-04,8,1703,243,59.8,31.5,18.8,A1,126,125,1,0
L129,fr,2020-05,9,2005,262,65.5,34.5,20.7,A1,149,148,1,0
L129,fr,2020-09,14,2979,634,79.1,50.4,35.0,A1,346,331,15,1
L129,fr,2020-11,18,3223,793,85.7,57.7,41.0,A1,431,398,33,3
L129,fr,2021-01,26,3942,1109,88.2,69.1,50.4,A1,632,565,67,14
L129,fr,2021-02,29,4232,1232,90.3,72.3,54.7,A1,718,639,79,17
L129,fr,2021-09,30,4267,1245,90.4,73.5,55.2,A1,732,650,82,17
L130,fr,2020-09,3,174,22,21.7,4.3,2.2,A1,11,11,0,0
L130,fr,2020-11,5,512,108,41.4,11.4,7.7,A1,37,37,0,0
L130,fr,2020-12,8,987,170,67.1,24.4,13.8,A1,84,84,0,0
L130,fr,2021-02,10,1095,189,67.1,26.4,15.0,A1,92,92,0,0
L130,fr,2021-03,14,1490,284,77.8,35.7,21.6,A1,153,153,0,0
L130,fr,2021-04,15,1569,323,80.2,37.2,23.0,A1,169,169,0,0
L130,fr,2021-06,17,1924,447,75.9,41.7,28.0,A1,227,227,0,0
L130,fr,2021-10,21,2255,623,85.6,54.1,37.8,A1,338,337,1,0
L130,fr,2021-12,26,2905,924,86.8,59.4,45.4,A1,479,476,3,0
L130,fr,2022-02,27,3029,958,86.8,60.5,46.6,A1,505,502,3,0
L130,fr,2022-04,30,3389,1134,88.0,65.9,50.8,A1,602,597,5,0
L131,fr,2021-09,1,149,0,0.0,0.0,0.0,A1,0,0,0,0
L131,fr,2021-10,6,637,103,49.3,14.7,7.4,A1,48,48,0,0
L131,fr,2021-11,8,812,176,61.3,22.6,11.8,A1,77,77,0,0
L131,fr,2021-12,12,1246,274,69.2,34.0,18.5,A1,125,124,1,0
L131,fr,2022-02,15,1415,319,72.8,37.7,21.3,A1,153,152,1,0
L131,fr,2022-10,17,1540,387,75.3,39.8,25.0,A1,177,175,2,0
L131,fr,2022-11,18,1609,386,75.3,40.6,25.0,A1,182,180,2,0
L131,fr,2023-04,22,2003,515,77.4,48.3,31.6,A1,252,249,3,0
L131,fr,2023-10,26,2278,652,76.7,50.9,35.4,A1,315,309,6,0
L131,fr,2024-01,28,2422,693,75.9,52.1,36.5,A1,335,328,7,0
L131,fr,2024-02,30,2579,813,77.0,55.1,40.2,A1,389,379,10,0
L132,fr,2021-09,2,576,0,0.0,0.0,0.0,A1,0,0,0,0
L132,fr,2021-10,6,1113,207,56.6,25.0,15.0,A1,87,87,0,0
L132,fr,2021-11,7,1229,218,62.3,27.8,16.0,A1,101,101,0,0
L132,fr,2021-12,10,1609,343,72.0,37.6,23.8,A1,171,168,3,0
L132,fr,2022-02,11,1726,395,74.4,41.1,25.5,A1,193,190,3,0
L132,fr,2022-03,14,2076,541,77.4,48.5,31.0,A1,255,247,8,0
L132,fr,2022-05,16,2291,650,77.9,51.1,34.5,A1,304,293,11,0
L132,fr,2022-06,22,2896,932,83.1,58.7,43.7,A1,468,447,21,1
L132,fr,2022-09,26,3044,991,84.3,60.9,45.1,A1,510,487,23,3
L132,fr,2022-11,28,3121,1032,86.5,61.6,47.0,A1,532,509,23,3
L132,fr,2022-12,30,3321,1084,87.6,63.3,48.8,A1,577,552,25,3
L133,fr,2024-09,1,81,0,0.0,0.0,0.0,A1,0,0,0,0
L133,fr,2024-10,9,1033,325,66.2,27.6,18.3,A1,105,102,3,0
L133,fr,2024-12,14,1852,523,74.4,39.5,27.7,A1,214,205,9,2
L133,fr,2025-04,17,2002,681,73.9,42.2,31.0,A1,268,256,12,2
L133,fr,2025-05,19,2125,823,76.1,45.0,33.7,A1,314,299,15,2
L133,fr,2025-10,27,2727,960,84.1,52.5,40.9,A1,433,403,30,5
L133,fr,2026-04,28,2878,989,84.3,52.9,40.8,A1,458,427,31,5
L133,fr,2026-05,30,3036,1035,82.6,55.4,43.0,A1,496,460,36,6
L134,fr,2024-10,1,126,0,0.0,0.0,0.0,A1,0,0,0,0
L134,fr,2024-11,4,470,65,43.7,11.3,5.6,A1,35,35,0,0
L134,fr,2024-12,18,2068,718,78.2,47.1,35.9,A1,300,299,1,0
L134,fr,2025-02,20,2955,981,81.9,60.4,44.5,A1,477,474,3,0
L134,fr,2025-03,22,3377,1162,87.5,65.7,48.8,A1,594,587,7,1
L134,fr,2025-05,23,3579,1267,88.5,68.4,51.7,A1,653,644,9,1
L134,fr,2026-02,25,3810,1347,89.6,70.9,54.8,A1,718,700,18,2
L134,fr,2026-03,27,4042,1417,89.6,71.0,54.8,A1,763,742,21,2
L134,fr,2026-05,30,4369,1508,90.6,72.8,57.4,A2,836,809,27,3
L135,fr,2024-10,4,543,87,48.4,11.7,5.9,A1,35,35,0,0
L135,fr,2024-12,5,886,134,57.1,18.1,9.5,A1,58,58,0,0
L135,fr,2025-06,15,2120,605,75.3,44.1,31.3,A1,257,252,5,0
L135,fr,2025-09,17,2370,726,75.3,46.1,34.4,A1,313,307,6,0
L135,fr,2025-10,22,2983,907,77.0,55.4,41.5,A1,427,405,22,2
L135,fr,2025-12,26,3194,962,76.4,56.6,42.9,A1,466,439,27,1
L135,fr,2026-02,28,3468,1028,75.8,61.6,46.3,A1,525,493,32,5
L135,fr,2026-05,30,3629,1072,79.6,63.7,47.9,A1,566,533,33,5
L136,fr,2019-09,1,245,0,0.0,0.0,0.0,A1,0,0,0,0
L136,fr,2019-10,7,835,231,60.5,21.5,12.6,A1,88,88,0,0
L136,fr,2019-12,9,1038,318,65.2,26.3,15.4,A1,115,115,0,0
L136,fr,2020-02,12,1180,328,66.7,30.8,18.3,A1,136,133,3,0
L136,fr,2020-03,15,1590,511,74.4,40.5,24.4,A1,206,201,5,0
L136,fr,2020-06,17,1777,606,81.3,43.9,28.8,A1,250,244,6,0
L136,fr,2020-08,20,1896,621,81.3,46.3,29.6,A1,265,257,8,0
L136,fr,2020-09,23,2019,670,83.7,49.6,32.3,A1,295,284,11,0
L136,fr,2020-11,27,2432,871,82.3,53.5,39.7,A1,395,381,14,0
L136,fr,2020-12,29,2600,952,82.3,57.4,41.8,A1,443,425,18,0
L137,fr,2023-10,3,471,31,25.7,6.1,3.1,A1,20,20,0,0
L137,fr,2023-12,4,655,90,54.7,14.8,8.0,A1,52,52,0,0
L137,fr,2024-02,5,759,113,57.7,18.0,9.5,A1,64,64,0,0
L137,fr,2024-04,6,817,127,60.3,20.2,11.0,A1,71,71,0,0
L137,fr,2024-05,7,911,170,64.6,23.4,13.5,A1,86,86,0,0
L137,fr,2024-11,11,1404,410,68.7,31.6,19.3,A1,149,149,0,0
L137,fr,2025-03,13,1532,506,71.4,36.3,22.6,A1,181,181,0,0
L137,fr,2025-10,16,1683,550,75.3,39.5,25.0,A1,211,207,4,0
L137,fr,2026-01,17,1799,584,79.3,43.0,27.8,A1,239,234,5,0
L137,fr,2026-02,18,1858,598,79.3,43.2,28.3,A1,247,241,6,0
L137,fr,2026-03,29,2637,946,81.7,57.0,42.0,A1,457,441,16,2
L138,fr,2024-10,2,494,0,0.0,0.0,0.0,A1,0,0,0,0
L138,fr,2024-11,8,1330,328,70.4,31.9,18.2,A1,136,135,1,0
L138,fr,2024-12,13,1871,665,72.9,44.6,29.6,A1,256,253,3,0
L138,fr,2025-04,14,1970,759,76.5,50.0,33.3,A1,294,290,4,0
L138,fr,2025-06,16,2174,874,78.4,52.9,35.9,A1,353,346,7,0
L138,fr,2025-10,20,2454,940,80.2,54.8,39.5,A1,417,410,7,0
L138,fr,2025-12,21,2608,1040,79.3,56.4,42.9,A1,463,451,12,1
L138,fr,2026-03,24,2879,1092,79.6,60.8,46.2,A1,519,506,13,2
L138,fr,2026-06,29,3231,1343,79.6,67.3,52.4,A1,655,630,25,6
L139,fr,2024-10,3,484,40,30.8,7.9,4.0,A1,23,23,0,0
L139,fr,2024-11,4,643,79,50.8,15.8,7.9,A1,44,44,0,0
L139,fr,2025-03,9,1265,373,80.3,31.9,20.1,A1,132,132,0,0
L139,fr,2025-06,11,1423,525,80.0,36.5,24.8,A1,172,172,0,0
L139,fr,2025-10,17,1730,734,81.8,43.2,32.6,A1,248,246,2,0
L139,fr,2025-11,20,1968,893,81.0,44.9,38.1,A1,309,304,5,0
L139,fr,2026-02,23,2497,1106,81.2,52.5,44.3,A1,438,429,9,0
L139,fr,2026-03,24,2553,1148,81.2,54.3,45.7,A1,460,451,9,0
L139,fr,2026-05,26,2805,1295,79.5,58.2,49.7,A1,537,528,9,0
L139,fr,2026-06,29,3062,1431,76.9,62.7,54.2,A1,622,613,9,0
L140,fr,2025-09,1,213,0,0.0,0.0,0.0,A1,0,0,0,0
L140,fr,2025-10,12,1533,404,76.0,36.6,24.0,A1,171,171,0,0
L140,fr,2026-02,16,2108,577,73.5,46.3,31.0,A1,265,265,0,0
L140,fr,2026-06,29,2979,1052,79.3,64.7,49.3,A1,528,526,2,0
L141,fr,2025-10,6,835,122,61.0,20.5,11.5,A1,54,54,0,0
L141,fr,2025-12,13,1836,448,71.7,38.3,26.6,A1,210,210,0,0
L141,fr,2026-02,23,2667,835,86.0,57.2,42.2,A1,423,422,1,0
L141,fr,2026-06,29,3096,1101,92.6,67.8,52.3,A1,577,568,9,0
L142,de,2019-10,1,336,0,0.0,0.0,0.0,A1,0,0,0,0
L142,de,2019-11,7,985,125,67.4,22.1,11.0,A1,85,84,1,0
L142,de,2019-12,13,1579,295,76.4,35.4,20.0,A1,148,145,3,0
L142,de,2020-09,17,1965,375,81.1,39.7,24.1,A1,179,173,6,0
L142,de,2020-10,18,2046,384,82.2,39.7,24.6,A1,183,175,8,0
L142,de,2020-11,21,2187,461,83.5,41.7,26.5,A1,206,198,8,0
L142,de,2021-08,23,2288,463,86.8,43.6,28.2,A1,217,209,8,0
L142,de,2022-06,25,2359,487,86.8,45.6,29.9,A1,231,222,9,0
L142,de,2022-07,28,2531,550,89.1,48.5,31.9,A1,260,247,13,0
L143,fr,2018-09,2,569,0,0.0,0.0,0.0,A1,0,0,0,0
L143,fr,2018-12,8,1216,276,67.9,28.7,16.0,A1,112,112,0,0
L143,fr,2019-02,9,1620,344,74.7,36.5,21.1,A1,158,158,0,0
L143,fr,2019-06,13,2025,581,79.3,47.4,33.4,A1,270,270,0,0
L143,fr,2019-09,15,2185,664,83.9,51.4,37.3,A1,318,318,0,0
L143,fr,2019-12,17,2385,729,85.2,53.3,38.9,A1,354,354,0,0
L143,fr,2020-02,19,2516,830,86.4,58.8,43.0,A1,403,403,0,0
L143,fr,2020-04,21,2674,913,88.6,62.3,46.7,A1,455,455,0,0
L143,fr,2020-09,23,2832,1002,88.6,64.3,48.6,A1,502,502,0,0
L143,fr,2020-10,24,2902,1027,88.6,65.4,49.8,A1,523,523,0,0
L143,fr,2020-12,26,3093,1096,87.8,67.1,52.1,A1,572,572,0,0
L143,fr,2021-05,28,3195,1124,88.9,69.0,53.9,A1,597,597,0,0
L144,fr,2019-09,1,291,0,0.0,0.0,0.0,A1,0,0,0,0
L144,fr,2019-10,2,514,0,0.0,0.0,0.0,A1,0,0,0,0
L144,fr,2019-11,6,919,122,60.0,21.4,12.2,A1,74,74,0,0
L144,fr,2020-01,11,1361,257,81.4,32.6,20.9,A1,143,141,2,0
L144,fr,2020-03,13,1474,285,80.9,33.8,21.9,A1,157,154,3,0
L144,fr,2020-04,14,1577,311,84.4,37.4,23.9,A1,176,172,4,0
L144,fr,2020-05,15,1673,334,84.4,39.5,25.0,A1,190,186,4,0
L144,fr,2020-09,17,1844,377,84.6,42.2,27.5,A1,218,213,5,0
L144,fr,2020-10,18,2022,442,86.8,44.8,31.1,A1,252,246,6,0
L144,fr,2020-11,21,2265,544,86.8,49.8,35.5,A1,305,295,10,0
L144,fr,2020-12,22,2339,583,89.0,51.3,36.0,A1,322,311,11,0
L144,fr,2021-01,27,2696,709,90.1,56.7,41.6,A1,397,383,14,0
L144,fr,2021-03,28,2785,745,90.1,59.2,43.1,A1,422,407,15,0
L145,fr,2021-09,1,159,0,0.0,0.0,0.0,A1,0,0,0,0
L145,fr,2021-10,5,736,146,53.9,20.7,11.4,A1,67,67,0,0
L145,fr,2021-11,6,1012,232,62.0,26.6,15.7,A1,99,98,1,0
L145,fr,2021-12,10,1238,358,77.5,39.6,26.0,A1,165,163,2,0
L145,fr,2022-02,11,1477,400,79.3,41.4,28.3,A1,194,192,2,0
L145,fr,2022-03,14,2013,610,87.5,50.3,36.6,A1,301,294,7,0
L145,fr,2022-06,16,2269,701,89.9,57.1,41.4,A1,360,353,7,0
L145,fr,2022-09,17,2387,727,91.0,59.0,42.9,A1,379,370,9,0
L145,fr,2022-10,18,2505,735,90.1,59.9,43.2,A1,397,388,9,0
L145,fr,2022-11,19,2612,772,89.1,59.5,43.4,A1,415,406,9,0
L145,fr,2022-12,22,3012,880,90.3,64.1,47.1,A1,488,475,13,0
L145,fr,2023-02,23,3147,906,90.3,64.9,48.0,A1,509,495,14,1
L145,fr,2023-05,24,3343,976,90.3,66.8,50.6,A1,559,543,16,1
L145,fr,2023-10,27,3930,1153,91.4,73.8,56.6,A1,688,667,21,1
L145,fr,2024-03,28,4020,1209,91.4,74.8,58.0,A1,721,700,21,1
L146,fr,2021-09,2,375,0,0.0,0.0,0.0,A1,0,0,0,0
L146,fr,2021-10,11,1767,407,75.9,40.8,27.5,A1,184,183,1,0
L146,fr,2021-11,16,2328,587,78.3,50.2,35.4,A1,282,280,2,0
L146,fr,2022-01,21,2518,689,83.3,58.8,42.0,A1,359,354,5,0
L146,fr,2022-02,22,2617,690,78.5,58.1,41.8,A1,380,374,6,0
L146,fr,2022-03,23,2828,758,78.7,61.5,43.9,A1,426,418,8,0
L146,fr,2023-10,27,3233,888,89.4,67.9,47.9,A1,517,504,13,0
L146,fr,2024-02,28,3420,969,89.4,67.8,49.0,A1,558,544,14,0
L147,fr,2022-09,1,139,0,0.0,0.0,0.0,A1,0,0,0,0
L147,fr,2022-10,1,139,0,0.0,0.0,0.0,A1,0,0,0,0
L147,fr,2022-11,2,260,0,0.0,0.0,0.0,A1,0,0,0,0
L147,fr,2022-12,3,329,29,20.3,5.9,2.9,A1,14,14,0,0
L147,fr,2023-01,5,495,60,35.5,12.0,6.0,A1,32,32,0,0
L147,fr,2023-02,9,1319,172,49.4,27.1,15.0,A1,100,91,9,0
L147,fr,2023-03,12,1583,259,52.2,28.6,17.5,A1,128,115,13,4
L147,fr,2023-04,13,1702,287,52.2,31.5,20.0,A1,145,125,20,7
L147,fr,2023-09,17,2023,464,64.4,38.0,25.6,A1,216,180,36,14
L147,fr,2023-11,18,2113,469,63.3,38.2,25.8,A1,221,187,34,13
L147,fr,2023-12,19,2195,515,68.9,41.4,27.9,A1,247,202,45,18
L147,fr,2024-03,21,2304,744,66.7,45.9,33.2,A1,326,271,55,21
L147,fr,2024-12,26,2674,922,73.9,52.6,38.0,A1,420,351,69,27
L147,fr,2025-02,28,2755,943,75.0,53.0,39.3,A1,438,364,74,29
L148,fr,2024-10,7,825,291,62.0,22.3,15.0,A1,91,90,1,0
L148,fr,2024-11,8,1151,328,65.1,27.5,17.6,A1,125,124,1,0
L148,fr,2025-02,12,1496,448,68.9,34.2,22.2,A1,178,175,3,0
L148,fr,2025-03,16,1824,682,84.4,44.1,30.1,A1,258,252,6,0
L148,fr,2025-06,17,1926,751,84.6,47.4,34.5,A1,295,286,9,0
L148,fr,2025-10,24,2248,1135,88.0,53.5,42.1,A1,414,397,17,3
L148,fr,2026-01,28,2904,1174,92.4,59.7,46.7,A1,529,505,24,3
L149,nl,2019-10,3,233,22,22.0,4.4,2.2,A1,11,11,0,0
L149,nl,2019-11,17,1327,260,77.8,33.5,19.1,A1,144,135,9,0
L149,nl,2019-12,28,2354,538,87.0,53.0,32.5,A1,290,264,26,3
L150,da,2021-09,23,1557,464,79.8,41.3,27.0,A1,212,203,9,0
L150,da,2021-10,27,1703,489,85.3,45.4,29.5,A1,238,227,11,0
L151,fr,2018-09,3,374,53,43.9,10.6,5.3,A1,27,27,0,0
L151,fr,2018-10,5,607,103,62.9,16.6,8.3,A1,49,49,0,0
L151,fr,2018-11,6,752,213,56.1,19.6,10.4,A1,75,75,0,0
L151,fr,2019-02,7,957,244,60.7,25.4,14.4,A1,100,100,0,0
L151,fr,2019-03,10,1267,410,66.7,32.8,21.1,A1,150,150,0,0
L151,fr,2019-04,11,1352,459,67.8,36.5,23.2,A1,170,168,2,0
L151,fr,2019-06,15,1848,575,73.2,43.4,29.2,A1,255,246,9,0
L151,fr,2019-07,18,2164,673,76.5,49.3,34.3,A1,321,307,14,0
L151,fr,2019-09,18,2164,673,76.5,49.3,34.3,A1,321,306,15,0
L151,fr,2019-10,19,2268,732,77.6,50.9,35.9,A1,347,328,19,0
L151,fr,2019-11,20,2330,763,77.6,51.6,36.9,A1,363,343,20,0
L151,fr,2020-01,21,2411,780,77.6,52.2,37.0,A1,373,343,30,0
L151,fr,2020-03,22,2541,836,81.6,55.1,38.7,A1,408,375,33,1
L151,fr,2020-04,23,2639,913,80.6,57.1,41.7,A1,446,407,39,4
L151,fr,2020-06,26,2698,968,81.6,57.6,42.6,A1,470,430,40,4
L151,fr,2020-10,27,2860,1001,82.7,60.9,44.6,A1,501,454,47,6
L152,fr,2019-09,3,538,36,18.8,7.2,3.6,A1,18,18,0,0
L152,fr,2019-10,5,764,88,41.8,16.3,8.8,A1,50,50,0,0
L152,fr,2020-01,12,1326,297,68.3,33.3,19.6,A1,126,120,6,0
L152,fr,2020-02,14,1521,411,71.4,37.5,23.1,A1,167,159,8,0
L152,fr,2020-05,17,1930,455,76.4,41.0,27.1,A1,219,209,10,0
L152,fr,2020-06,21,2345,747,79.8,48.7,34.8,A1,329,317,12,0
L152,fr,2020-10,23,2590,782,80.9,52.3,36.6,A1,377,360,17,3
L152,fr,2020-11,25,2611,803,81.9,54.1,37.7,A1,387,370,17,4
L152,fr,2020-12,26,2679,864,80.9,56.4,40.7,A1,418,398,20,4
L152,fr,2021-09,27,2719,895,85.3,58.8,42.0,A1,439,418,21,5
L153,fr,2019-09,1,129,0,0.0,0.0,0.0,A1,0,0,0,0
L153,fr,2019-10,6,1614,270,73.9,32.3,20.3,A1,151,151,0,0
L153,fr,2019-11,7,1671,275,75.0,33.9,21.0,A1,157,157,0,0
L153,fr,2020-01,9,2100,405,77.3,42.3,28.1,A1,221,220,1,0
L153,fr,2020-03,10,2392,516,80.2,47.6,33.1,A1,279,275,4,0
L153,fr,2020-04,12,2599,579,79.6,49.8,35.0,A1,315,310,5,0
L153,fr,2020-05,14,2907,735,79.6,55.7,40.2,A1,401,390,11,0
L153,fr,2020-06,18,3254,852,84.0,62.2,45.1,A1,482,465,17,0
L153,fr,2020-07,19,3443,910,84.0,62.3,45.2,A1,511,492,19,0
L153,fr,2020-10,24,4053,1040,87.4,67.8,51.1,A1,623,587,36,0
L153,fr,2021-01,27,4325,1123,87.4,69.9,53.3,A1,684,645,39,0
L154,fr,2019-10,1,508,0,0.0,0.0,0.0,A1,0,0,0,0
L154,fr,2019-11,8,1908,373,70.4,36.2,23.8,A1,179,171,8,0
L154,fr,2020-03,11,2284,551,79.3,47.2,32.0,A1,277,260,17,0
L154,fr,2020-04,13,2435,581,83.9,49.8,33.2,A1,299,281,18,0
L154,fr,2020-06,22,2910,748,82.4,56.5,39.7,A1,402,369,33,0
L154,fr,2020-09,23,2976,764,80.9,56.5,40.4,A1,415,382,33,0
L154,fr,2020-11,27,3184,832,83.0,58.9,42.8,A1,460,425,35,0
L155,fr,2019-10,6,1314,244,54.9,27.8,15.6,A1,114,114,0,0
L155,fr,2019-11,8,1463,352,74.4,39.0,24.6,A1,170,157,13,0
L155,fr,2020-01,12,1963,466,77.0,44.7,29.1,A1,235,221,14,0
L155,fr,2020-03,15,2193,551,79.8,49.5,33.8,A1,283,265,18,0
L155,fr,2020-04,16,2363,586,82.0,52.7,35.6,A1,310,289,21,0
L155,fr,2020-05,18,2531,643,82.4,52.8,37.3,A1,339,318,21,1
L155,fr,2020-08,22,2590,672,83.7,55.1,39.0,A1,359,338,21,1
L155,fr,2020-09,25,2723,737,83.9,57.7,40.5,A1,392,368,24,2
L155,fr,2021-01,27,2801,766,84.9,59.8,41.6,A1,409,384,25,3
L156,fr,2020-09,2,381,0,0.0,0.0,0.0,A1,0,0,0,0
L156,fr,2020-11,3,498,47,42.3,9.3,4.7,A1,35,35,0,0
L156,fr,2020-12,4,711,91,59.5,16.1,8.1,A1,59,59,0,0
L156,fr,2021-06,5,838,104,65.5,18.4,9.6,A1,72,72,0,0
L156,fr,2021-09,7,1020,182,70.6,24.3,13.2,A1,98,98,0,0
L156,fr,2021-10,8,1177,249,74.4,27.6,14.7,A1,118,118,0,0
L156,fr,2021-12,12,1818,455,80.9,40.6,24.4,A1,207,206,1,0
L156,fr,2022-02,16,2283,644,86.0,52.1,34.2,A1,313,310,3,0
L156,fr,2022-10,20,2542,767,85.1,56.8,39.2,A1,381,377,4,0
L156,fr,2022-12,24,2854,897,89.4,62.5,43.7,A1,456,449,7,0
L156,fr,2023-02,27,3068,1032,89.4,66.9,47.5,A1,525,516,9,0
L157,fr,2020-09,2,356,0,0.0,0.0,0.0,A1,0,0,0,0
L157,fr,2020-11,3,467,56,30.2,7.3,3.6,A1,22,22,0,0
L157,fr,2020-12,4,467,55,28.6,7.0,3.5,A1,21,21,0,0
L157,fr,2021-01,5,565,71,32.4,9.4,4.7,A1,29,29,0,0
L157,fr,2021-03,7,572,69,32.4,9.4,4.7,A1,29,29,0,0
L157,fr,2021-04,8,577,65,27.9,8.5,4.2,A1,26,26,0,0
L157,fr,2021-06,14,654,88,30.4,9.8,4.9,A1,32,32,0,0
L157,fr,2021-12,17,876,211,49.3,18.6,11.9,A1,70,69,1,0
L157,fr,2022-03,18,1034,227,53.4,21.0,13.5,A1,84,82,2,0
L157,fr,2022-06,24,1789,462,68.5,37.9,24.6,A1,204,187,17,2
L157,fr,2022-10,26,1845,473,68.5,38.9,24.9,A1,211,193,18,2
L157,fr,2023-02,27,2015,520,73.0,43.5,28.2,A1,242,219,23,3
L158,fr,2021-09,1,214,0,0.0,0.0,0.0,A1,0,0,0,0
L158,fr,2021-11,5,429,742,59.0,43.4,38.3,A1,130,130,0,0
L158,fr,2021-12,9,1567,596,73.5,38.3,26.6,A1,215,206,9,0
L158,fr,2022-01,14,1788,606,75.6,46.7,31.8,A1,264,248,16,1
L158,fr,2022-03,17,2101,680,79.3,52.1,35.0,A1,321,301,20,2
L158,fr,2022-04,18,2395,736,82.8,54.8,38.1,A1,361,339,22,2
L158,fr,2022-06,22,2862,949,85.9,60.8,45.0,A1,479,450,29,4
L158,fr,2022-12,23,2950,962,86.0,61.0,45.7,A1,492,462,30,3
L158,fr,2023-03,27,3213,1031,86.0,64.7,49.1,A1,553,518,35,4
L159,fr,2022-09,1,433,0,0.0,0.0,0.0,A1,0,0,0,0
L159,fr,2022-10,5,1066,304,50.0,28.3,17.1,A1,106,106,0,0
L159,fr,2022-11,10,1500,499,70.1,40.2,26.0,A1,197,197,0,0
L159,fr,2023-03,11,1609,575,78.7,44.6,28.3,A1,227,227,0,0
L159,fr,2024-09,12,1648,605,78.7,46.8,29.5,A1,240,240,0,0
L159,fr,2025-06,21,2198,1021,85.9,56.9,39.6,A1,392,388,4,1
L159,fr,2025-10,22,2266,1042,85.9,57.5,40.7,A1,407,403,4,1
L159,fr,2026-03,27,3077,1342,87.8,68.2,53.9,A1,621,608,13,1
L160,fr,2022-10,2,518,0,0.0,0.0,0.0,A1,0,0,0,0
L160,fr,2022-11,4,701,73,52.2,13.1,6.5,A1,44,44,0,0
L160,fr,2023-02,6,898,186,67.1,24.0,13.4,A1,82,82,0,0
L160,fr,2023-09,7,974,198,71.2,25.9,14.6,A1,90,90,0,0
L160,fr,2023-10,8,1031,201,72.0,27.2,15.1,A1,96,96,0,0
L160,fr,2023-11,9,1211,232,68.4,30.4,17.2,A1,112,112,0,0
L160,fr,2023-12,10,1329,263,71.2,34.3,20.2,A1,133,133,0,0
L160,fr,2024-02,12,1560,342,77.8,41.9,25.6,A1,179,177,2,0
L160,fr,2024-03,14,1801,424,81.9,44.6,28.3,A1,221,216,5,0
L160,fr,2024-04,16,1901,508,81.2,47.4,31.6,A1,256,250,6,0
L160,fr,2024-06,18,2084,582,83.1,50.3,35.1,A1,301,293,8,0
L160,fr,2024-10,20,2261,660,83.3,53.8,38.0,A1,338,329,9,0
L160,fr,2025-01,23,2674,797,85.6,59.8,42.7,A1,410,396,14,0
L160,fr,2025-03,27,3200,1002,85.9,66.4,48.1,A1,528,506,22,2
L161,fr,2023-09,1,204,0,0.0,0.0,0.0,A1,0,0,0,0
L161,fr,2023-10,1,204,0,0.0,0.0,0.0,A1,0,0,0,0
L161,fr,2024-04,2,315,0,0.0,0.0,0.0,A1,0,0,0,0
L161,fr,2024-06,3,600,38,36.4,7.7,3.8,A1,30,30,0,0
L161,fr,2024-10,6,1366,269,63.1,27.1,16.0,A1,119,118,1,0
L161,fr,2024-11,8,2062,518,69.0,42.3,27.7,A1,224,219,5,0
L161,fr,2025-01,9,2257,618,76.1,46.4,31.6,A1,277,270,7,0
L161,fr,2025-02,10,2523,798,84.3,51.3,36.9,A1,357,344,13,0
L161,fr,2025-03,11,2670,915,84.3,53.3,40.1,A1,407,395,12,0
L161,fr,2025-04,12,2799,980,83.1,53.9,41.5,A1,440,428,12,0
L161,fr,2025-05,13,2928,1063,83.3,56.3,44.0,A1,488,472,16,0
L161,fr,2025-06,14,3060,1211,84.4,58.5,47.3,A1,550,528,22,2
L161,fr,2025-09,15,3203,1247,84.6,60.2,48.9,A1,583,558,25,2
L161,fr,2025-10,18,3528,1393,86.0,66.8,55.0,A1,685,652,33,4
L161,fr,2026-02,21,3752,1471,89.5,70.5,57.5,A1,746,704,42,5
L161,fr,2026-03,22,3834,1511,90.5,71.6,59.0,A2,773,728,45,5
L161,fr,2026-04,24,3980,1556,90.6,73.9,61.4,A2,819,774,45,5
L161,fr,2026-05,26,4129,1596,91.8,76.4,62.9,A2,865,808,57,6
L161,fr,2026-06,27,4190,1631,91.8,77.1,63.4,A2,886,827,59,7
L162,fr,2025-09,8,1729,346,56.3,23.8,16.5,A1,138,138,0,0
L162,fr,2025-11,13,2100,614,65.2,33.9,26.3,A1,236,234,2,0
L162,fr,2026-02,17,2508,817,70.8,42.4,35.5,A1,339,332,7,0
L162,fr,2026-03,23,2958,1047,73.3,52.7,43.9,A1,472,458,14,0
L162,fr,2026-05,27,3333,1251,81.7,59.6,50.3,A1,600,576,24,0
L163,fr,2025-10,1,143,0,0.0,0.0,0.0,A1,0,0,0,0
L163,fr,2025-12,11,1567,439,67.1,32.4,21.6,A1,156,155,1,0
L163,fr,2026-03,16,2029,606,72.3,43.0,30.1,A1,256,254,2,0
L163,fr,2026-06,27,2973,1084,91.3,66.9,51.0,A1,549,542,7,1
L164,fr,2026-01,9,768,324,60.0,22.1,17.1,A1,88,88,0,0
L164,fr,2026-06,27,2092,1184,88.2,60.1,46.6,A1,445,439,6,0
L165,da,2021-09,7,516,99,48.5,12.1,7.0,A1,40,39,1,0
L165,da,2021-10,12,852,209,68.3,30.0,16.6,A1,101,100,1,0
L165,da,2021-11,18,1309,423,73.6,43.6,28.1,A1,187,183,4,0
L165,da,2022-02,22,1549,512,79.6,46.6,30.3,A1,224,218,6,0
L165,da,2022-03,26,1748,624,82.1,48.5,33.3,A1,260,249,11,0
L166,de,2021-01,4,470,61,45.3,12.2,6.1,A1,29,29,0,0
L166,de,2021-02,10,1213,258,68.3,26.3,16.0,A1,106,106,0,0
L166,de,2021-03,22,2706,612,91.2,53.0,35.7,A1,305,304,1,0
L166,de,2021-04,26,3209,754,94.5,60.6,43.6,A1,391,390,1,0
L167,de,2021-01,3,370,36,28.6,7.3,3.6,A1,17,17,0,0
L167,de,2021-02,14,1455,445,72.9,38.1,24.7,A1,162,162,0,0
L167,de,2021-03,26,3026,777,89.4,61.8,42.6,A1,374,367,7,0
L168,en,2020-02,3,1325,143,36.7,14.7,10.0,A1,73,73,0,0
L168,en,2020-03,17,2423,1292,89.5,66.9,51.5,A1,585,581,4,0
L168,en,2020-05,25,2689,1494,93.7,73.2,58.1,A1,703,699,4,0
L168,en,2020-06,26,2769,1521,95.8,75.4,59.9,A2,730,726,4,0
L169,fr,2018-11,1,344,0,0.0,0.0,0.0,A1,0,0,0,0
L169,fr,2019-01,6,888,375,68.0,31.4,21.9,A1,120,120,0,0
L169,fr,2019-05,7,986,467,66.7,33.7,23.3,A1,137,137,0,0
L169,fr,2019-06,15,2038,740,79.8,52.0,35.7,A1,319,318,1,0
L169,fr,2019-11,21,2600,1020,87.9,60.3,44.9,A1,468,465,3,0
L169,fr,2020-01,24,2940,1176,89.0,64.7,49.9,A1,564,558,6,0
L169,fr,2020-02,26,3355,1255,91.3,68.9,53.3,A1,645,631,14,1
L170,fr,2020-09,3,486,54,30.6,7.4,3.7,A1,25,25,0,0
L170,fr,2020-10,4,668,84,46.6,13.9,7.5,A1,44,44,0,0
L170,fr,2020-11,6,935,163,56.8,22.7,12.2,A1,78,78,0,0
L170,fr,2020-12,6,935,163,56.8,22.7,12.2,A1,78,78,0,0
L170,fr,2021-02,7,1052,174,59.3,25.0,13.3,A1,87,87,0,0
L170,fr,2021-03,8,1117,216,67.9,29.1,15.3,A1,105,105,0,0
L170,fr,2021-09,9,1325,238,71.8,31.7,17.4,A1,124,124,0,0
L170,fr,2021-10,11,1383,265,73.3,33.5,19.1,A1,137,136,1,0
L170,fr,2021-12,14,1642,411,81.6,40.7,24.9,A1,196,193,3,0
L170,fr,2022-02,15,1717,482,81.6,41.8,25.9,A1,214,211,3,0
L170,fr,2022-03,18,2125,640,83.9,51.9,35.6,A1,302,295,7,0
L170,fr,2022-05,19,2232,703,86.2,54.1,37.7,A1,330,323,7,0
L170,fr,2022-06,21,2588,816,86.5,59.2,42.5,A1,410,402,8,0
L170,fr,2022-09,22,2667,850,85.6,61.0,43.9,A1,432,424,8,0
L170,fr,2022-11,24,2748,915,84.6,62.3,45.0,A1,460,451,9,0
L170,fr,2022-12,25,2799,937,84.6,62.7,45.3,A1,472,462,10,0
L170,fr,2023-02,26,2846,942,84.6,62.9,45.8,A1,479,469,10,0
L171,fr,2020-09,2,298,0,0.0,0.0,0.0,A1,0,0,0,0
L171,fr,2020-11,6,686,115,65.6,18.7,9.8,A1,54,54,0,0
L171,fr,2020-12,7,804,129,63.4,19.2,10.7,A1,62,62,0,0
L171,fr,2021-03,8,982,167,67.1,25.1,13.4,A1,82,82,0,0
L171,fr,2021-04,9,1129,187,68.0,25.4,14.1,A1,91,91,0,0
L171,fr,2021-05,10,1218,217,70.7,28.9,16.1,A1,106,106,0,0
L171,fr,2021-06,13,1438,357,77.6,34.9,21.8,A1,150,149,1,0
L171,fr,2021-10,15,1582,436,78.2,37.5,23.9,A1,174,172,2,0
L171,fr,2021-12,16,1665,497,76.5,38.9,24.9,A1,194,192,2,0
L171,fr,2022-03,18,1976,629,78.3,44.0,30.8,A1,252,248,4,0
L171,fr,2022-06,20,2083,686,83.3,47.4,33.0,A1,280,274,6,0
L171,fr,2022-09,21,2141,737,83.3,50.0,35.5,A1,301,295,6,0
L171,fr,2022-11,23,2284,830,85.7,53.2,39.4,A1,347,339,8,0
L171,fr,2022-12,24,2304,850,85.7,53.7,39.8,A1,354,346,8,0
L171,fr,2023-02,26,2444,933,88.1,57.6,43.0,A1,391,381,10,0
L172,fr,2020-09,2,181,0,0.0,0.0,0.0,A1,0,0,0,0
L172,fr,2020-10,3,304,37,32.0,7.4,3.7,A1,17,17,0,0
L172,fr,2020-11,4,469,70,43.1,9.3,5.9,A1,29,29,0,0
L172,fr,2020-12,6,849,144,56.4,17.0,10.7,A1,67,67,0,0
L172,fr,2021-01,7,1152,256,67.9,24.0,16.2,A1,103,103,0,0
L172,fr,2021-03,11,1632,503,79.8,42.9,28.6,A1,202,202,0,0
L172,fr,2021-04,12,1709,601,79.8,45.7,30.9,A1,230,228,2,0
L172,fr,2021-06,13,1851,726,80.0,49.7,33.6,A1,268,265,3,0
L172,fr,2021-10,14,2012,747,81.4,52.8,35.5,A1,296,292,4,0
L172,fr,2021-12,17,2427,889,86.5,59.8,43.2,A1,396,389,7,0
L172,fr,2022-01,18,2492,885,87.6,60.1,43.9,A1,401,394,7,0
L172,fr,2022-03,20,2766,900,88.8,61.4,45.4,A1,437,429,8,0
L172,fr,2022-05,21,2897,934,88.9,64.0,47.3,A1,472,461,11,0
L172,fr,2022-06,24,3329,1052,90.0,67.3,51.4,A1,556,541,15,0
L172,fr,2022-10,26,3468,1132,90.0,69.1,52.8,A1,601,584,17,0
L173,fr,2021-09,6,820,229,65.0,24.9,15.4,A1,93,93,0,0
L173,fr,2021-10,7,938,241,69.5,29.5,17.3,A1,111,111,0,0
L173,fr,2021-11,8,1065,276,72.3,33.1,20.0,A1,131,131,0,0
L173,fr,2021-12,10,1684,440,81.5,46.5,28.3,A1,221,220,1,0
L173,fr,2022-01,11,1820,487,82.6,49.3,30.1,A1,245,244,1,0
L173,fr,2022-02,12,1909,534,82.6,51.0,32.2,A1,267,263,4,0
L173,fr,2022-04,16,2571,852,89.2,63.2,43.0,A1,419,410,9,0
L173,fr,2022-09,17,2816,919,89.2,66.3,46.1,A1,469,459,10,0
L173,fr,2022-10,18,2932,952,90.3,67.7,47.4,A1,492,482,10,0
L173,fr,2022-11,19,3046,986,91.4,69.1,48.5,A1,512,502,10,0
L173,fr,2023-02,21,3210,1032,89.6,69.2,49.5,A1,545,535,10,0
L173,fr,2023-03,22,3230,1042,89.6,69.7,49.7,A1,550,540,10,0
L173,fr,2023-04,23,3333,1097,89.6,72.1,51.5,A1,585,574,11,0
L173,fr,2023-10,24,3436,1130,89.6,72.5,52.0,A1,608,597,11,0
L173,fr,2024-01,25,3632,1176,89.6,74.4,54.9,A1,652,639,13,0
L173,fr,2024-02,26,3724,1243,89.6,74.8,56.5,A1,683,669,14,0
L174,fr,2021-09,1,445,0,0.0,0.0,0.0,A1,0,0,0,0
L174,fr,2021-10,2,588,0,0.0,0.0,0.0,A1,0,0,0,0
L174,fr,2021-11,7,1181,241,64.2,26.1,16.3,A1,103,102,1,0
L174,fr,2022-01,13,1536,443,73.5,44.3,28.5,A1,203,201,2,0
L174,fr,2022-02,16,1900,530,76.2,47.9,33.0,A1,254,252,2,0
L174,fr,2022-04,18,2176,644,82.1,54.2,37.7,A1,312,309,3,0
L174,fr,2023-10,22,2433,702,84.7,58.8,40.1,A1,359,354,5,1
L174,fr,2024-01,23,2682,765,84.9,61.7,43.9,A1,405,398,7,1
L174,fr,2024-03,26,3017,929,82.4,65.9,49.0,A1,500,489,11,2
L175,fr,2021-10,3,443,37,20.8,7.4,3.7,A1,15,15,0,0
L175,fr,2021-11,16,2572,816,84.9,53.7,39.9,A1,396,393,3,0
L175,fr,2021-12,17,2649,897,84.9,55.9,42.8,A1,431,428,3,0
L175,fr,2022-01,20,2798,938,84.9,60.3,45.4,A1,480,476,4,0
L175,fr,2022-02,22,3113,1145,84.0,64.1,51.5,A1,591,585,6,0
L175,fr,2022-10,24,3186,1169,85.1,66.0,53.1,A1,611,604,7,0
L175,fr,2022-11,25,3212,1174,85.1,66.4,53.2,A1,618,611,7,0
L175,fr,2023-10,26,3242,1184,85.1,66.6,53.2,A1,625,618,7,0
L176,fr,2022-09,1,244,0,0.0,0.0,0.0,A1,0,0,0,0
L176,fr,2022-10,4,674,98,50.6,15.6,8.8,A1,51,51,0,0
L176,fr,2022-11,7,1013,214,70.1,26.5,15.6,A1,105,105,0,0
L176,fr,2023-09,8,1165,325,70.1,30.1,19.6,A1,131,131,0,0
L176,fr,2023-10,12,1668,554,75.6,39.9,27.5,A1,228,228,0,0
L176,fr,2024-10,17,2221,774,80.2,54.3,37.1,A1,358,356,2,0
L176,fr,2025-01,23,2795,917,84.4,58.5,42.5,A1,462,457,5,0
L176,fr,2025-03,26,2995,1015,85.4,60.6,46.6,A1,518,511,7,0
L177,fr,2022-11,11,2157,665,76.5,44.8,31.5,A1,291,290,1,0
L177,fr,2023-02,17,2710,887,79.6,59.5,43.3,A1,445,442,3,0
L177,fr,2023-11,21,3036,1063,84.2,63.9,47.6,A1,545,542,3,0
L177,fr,2025-02,24,3469,1288,89.5,69.2,52.7,A1,683,679,4,0
L177,fr,2025-03,26,3609,1410,89.5,71.3,55.4,A1,749,742,7,0
L178,fr,2023-10,1,213,0,0.0,0.0,0.0,A1,0,0,0,0
L178,fr,2024-04,9,813,316,65.3,23.4,15.9,A1,93,93,0,0
L178,fr,2024-10,14,1192,541,70.9,35.3,23.8,A1,161,159,2,0
L178,fr,2024-12,18,1384,629,73.2,39.4,25.9,A1,199,193,6,0
L178,fr,2025-04,26,1719,995,78.2,47.5,33.7,A1,301,289,12,0
L179,fr,2024-09,5,515,272,61.2,24.0,16.0,A1,76,76,0,0
L179,fr,2025-02,7,952,359,69.3,33.9,20.6,A1,126,126,0,0
L179,fr,2025-04,9,1197,439,71.4,35.4,21.8,A1,151,151,0,0
L179,fr,2025-06,14,1846,760,79.1,46.6,31.9,A1,289,283,6,0
L179,fr,2025-10,19,2083,980,79.5,53.4,39.3,A1,376,360,16,4
L179,fr,2026-04,24,2525,1138,83.5,59.7,45.6,A1,489,462,27,6
L179,fr,2026-05,26,2653,1172,82.4,60.5,46.6,A1,516,482,34,6
L180,fr,2024-10,2,417,0,0.0,0.0,0.0,A1,0,0,0,0
L180,fr,2024-11,3,491,38,30.3,7.5,3.8,A1,22,22,0,0
L180,fr,2025-03,10,1485,540,74.4,43.6,29.4,A1,198,197,1,0
L180,fr,2025-06,14,1834,752,80.7,52.7,36.3,A1,284,283,1,0
L180,fr,2025-10,16,1895,787,80.7,52.9,37.5,A1,297,296,1,0
L180,fr,2025-12,18,2036,868,80.7,55.2,39.4,A1,329,326,3,0
L180,fr,2026-02,22,2364,1021,83.7,56.7,43.8,A1,414,411,3,0
L180,fr,2026-05,24,2567,1106,88.0,60.4,45.9,A1,471,462,9,1
L180,fr,2026-06,26,2700,1145,87.2,61.3,47.1,A1,506,496,10,1
L181,fr,2024-10,2,485,0,0.0,0.0,0.0,A1,0,0,0,0
L181,fr,2024-12,3,607,67,33.8,8.8,5.2,A1,28,28,0,0
L181,fr,2025-04,6,887,183,57.1,21.1,14.2,A1,71,71,0,0
L181,fr,2025-06,11,1271,342,66.7,29.1,21.3,A1,131,131,0,0
L181,fr,2025-10,16,1879,553,67.0,42.2,30.7,A1,246,243,3,0
L181,fr,2025-12,20,2297,773,85.7,52.5,40.4,A1,368,365,3,0
L181,fr,2026-02,24,2643,982,89.5,59.8,46.1,A1,488,484,4,0
L181,fr,2026-03,26,2882,1062,91.7,62.8,48.9,A1,542,538,4,0
L182,fr,2024-10,2,219,0,0.0,0.0,0.0,A1,0,0,0,0
L182,fr,2024-12,4,1225,108,47.8,18.7,10.0,A1,57,57,0,0
L182,fr,2025-03,9,2053,477,72.9,42.8,27.3,A1,220,218,2,0
L182,fr,2025-04,10,2211,565,75.0,49.5,32.4,A1,270,268,2,0
L182,fr,2025-06,13,2727,797,84.3,55.6,39.4,A1,383,380,3,0
L182,fr,2025-12,17,3095,1021,83.9,62.3,48.0,A1,508,503,5,0
L182,fr,2026-01,20,3331,1180,88.3,67.6,53.6,A1,600,591,9,0
L182,fr,2026-03,26,3759,1402,89.4,73.4,59.4,A1,740,727,13,0
L183,fr,2024-10,2,192,0,0.0,0.0,0.0,A1,0,0,0,0
L183,fr,2024-12,6,994,163,58.1,21.4,12.2,A1,72,72,0,0
L183,fr,2025-04,12,2041,521,76.4,43.6,29.4,A1,245,243,2,0
L183,fr,2025-06,17,2813,930,82.2,59.7,43.9,A1,460,447,13,1
L183,fr,2025-11,18,2918,1019,82.2,61.9,46.7,A1,497,484,13,2
L183,fr,2026-02,25,3693,1259,90.7,74.8,58.7,A1,723,700,23,3
L183,fr,2026-06,26,3718,1273,90.7,74.8,59.2,A1,731,707,24,3
L184,da,2025-07,11,527,117,53.1,17.6,8.8,A1,62,61,1,0
L184,da,2025-08,17,723,144,62.1,24.6,12.3,A1,93,89,4,0
L184,da,2025-09,18,764,151,65.5,25.1,13.0,A1,97,93,4,0
L184,da,2025-10,25,1082,279,78.5,36.8,22.8,A1,165,158,7,0
L185,da,2025-09,10,836,179,61.8,28.2,17.3,A1,105,102,3,0
L185,da,2025-10,12,935,244,67.4,31.1,18.8,A1,123,118,5,1
L185,da,2025-11,16,1043,292,69.6,35.2,22.2,A1,149,142,7,1
L185,da,2025-12,25,1401,463,80.9,45.6,27.7,A1,211,197,14,3
L186,de,2021-01,2,150,0,0.0,0.0,0.0,A1,0,0,0,0
L186,de,2021-02,5,385,82,46.6,14.6,8.2,A1,35,35,0,0
L186,de,2021-03,10,752,135,65.9,21.9,12.4,A1,76,73,3,0
L186,de,2021-04,17,1123,290,75.6,34.1,19.5,A1,127,121,6,0
L186,de,2021-06,25,1850,415,81.3,41.2,25.6,A1,195,183,12,1
L187,fr,2018-09,2,373,0,0.0,0.0,0.0,A1,0,0,0,0
L187,fr,2019-01,6,715,152,68.1,20.8,11.6,A1,69,69,0,0
L187,fr,2019-02,7,863,179,72.0,24.3,13.5,A1,86,86,0,0
L187,fr,2019-06,7,863,160,72.0,23.0,12.8,A1,82,82,0,0
L187,fr,2019-09,8,922,178,70.1,25.0,14.2,A1,93,93,0,0
L187,fr,2019-10,10,1063,271,78.2,31.9,18.1,A1,124,124,0,0
L187,fr,2019-11,15,1484,438,81.2,39.5,25.8,A1,190,188,2,0
L187,fr,2020-01,16,1570,526,84.0,42.4,29.4,A1,221,216,5,0
L187,fr,2020-02,19,1834,600,83.1,47.6,31.5,A1,264,254,10,0
L187,fr,2020-03,22,1981,655,81.4,50.6,32.1,A1,295,282,13,0
L187,fr,2020-04,24,2058,727,81.6,52.2,33.3,A1,319,303,16,0
L187,fr,2020-09,25,2121,762,82.8,52.4,34.2,A1,332,310,22,1
L188,fr,2018-11,2,353,0,0.0,0.0,0.0,A1,0,0,0,0
L188,fr,2019-01,11,968,259,63.3,26.3,15.3,A1,107,107,0,0
L188,fr,2019-06,13,1319,317,70.7,31.6,18.2,A1,137,137,0,0
L188,fr,2019-07,19,1825,511,73.1,43.3,28.7,A1,228,228,0,0
L188,fr,2020-05,25,2101,653,74.0,49.6,33.7,A1,297,297,0,0
L189,fr,2019-09,6,1121,233,62.0,25.1,16.2,A1,100,100,0,0
L189,fr,2019-11,8,1291,304,67.1,29.6,18.8,A1,127,127,0,0
L189,fr,2019-12,9,1676,402,68.2,38.0,26.4,A1,183,183,0,0
L189,fr,2020-03,11,1853,457,75.9,43.0,29.2,A1,221,220,1,0
L189,fr,2020-04,15,2290,686,82.0,52.1,35.6,A1,322,316,6,0
L189,fr,2020-05,16,2358,693,82.0,52.1,36.4,A1,332,325,7,0
L189,fr,2020-09,20,2610,784,84.3,53.8,39.0,A1,380,371,9,0
L189,fr,2020-10,21,2626,792,84.3,54.2,39.2,A1,384,373,11,0
L189,fr,2021-01,22,2670,829,85.4,56.6,41.1,A1,406,393,13,0
L189,fr,2021-02,23,2755,866,86.5,57.3,42.2,A1,424,411,13,1
L189,fr,2021-03,24,2804,883,86.5,58.7,43.5,A1,439,425,14,1
L189,fr,2021-04,25,2874,905,85.6,59.6,44.8,A1,455,440,15,1
L190,fr,2019-09,1,221,0,0.0,0.0,0.0,A1,0,0,0,0
L190,fr,2019-10,13,2033,635,88.0,55.5,36.3,A1,323,322,1,0
L190,fr,2019-11,14,2228,687,89.4,59.9,39.5,A1,373,372,1,0
L190,fr,2019-12,18,2632,891,91.5,65.5,45.7,A1,479,474,5,0
L190,fr,2020-02,22,2983,1082,90.5,69.3,51.3,A1,576,567,9,0
L190,fr,2020-03,23,3221,1163,91.6,71.7,54.5,A1,637,625,12,0
L190,fr,2020-04,24,3297,1186,92.6,72.3,55.6,A1,655,643,12,0
L190,fr,2020-05,25,3356,1199,93.7,72.7,56.4,A1,669,657,12,0
L191,fr,2019-09,3,240,17,16.7,3.3,1.7,A1,8,8,0,0
L191,fr,2019-10,5,369,107,52.7,13.2,8.0,A1,37,37,0,0
L191,fr,2019-11,6,412,132,61.0,14.6,8.7,A1,44,44,0,0
L191,fr,2020-02,9,670,179,67.6,21.2,12.0,A1,66,66,0,0
L191,fr,2020-04,10,1023,252,59.3,22.5,13.6,A1,96,96,0,0
L191,fr,2020-11,15,1165,351,66.7,24.8,16.3,A1,121,121,0,0
L191,fr,2021-01,18,1531,456,73.9,36.4,23.7,A1,184,183,1,0
L191,fr,2021-03,23,2320,734,85.6,52.4,36.8,A1,345,337,8,0
L191,fr,2021-09,25,2524,807,87.8,56.3,40.9,A1,389,381,8,0
L192,fr,2019-09,2,348,0,0.0,0.0,0.0,A1,0,0,0,0
L192,fr,2019-10,7,889,279,66.2,30.1,17.0,A1,95,95,0,0
L192,fr,2019-11,9,1117,332,68.3,31.6,18.8,A1,132,131,1,0
L192,fr,2020-01,12,1453,486,68.6,35.3,23.9,A1,188,186,2,0
L192,fr,2020-03,15,1914,649,71.4,46.0,32.3,A1,286,281,5,0
L192,fr,2020-05,18,2371,750,75.0,51.8,37.0,A1,358,351,7,0
L192,fr,2020-08,19,2434,811,76.1,52.7,39.0,A1,385,378,7,0
L192,fr,2020-09,21,2867,933,80.9,60.4,45.4,A1,481,468,13,0
L192,fr,2021-01,23,3280,1013,83.0,62.9,48.5,A1,544,528,16,0
L192,fr,2021-10,25,3705,1206,85.1,67.0,52.9,A1,644,623,21,2
L193,fr,2020-09,1,166,0,0.0,0.0,0.0,A1,0,0,0,0
L193,fr,2020-10,3,240,0,0.0,0.0,0.0,A1,0,0,0,0
L193,fr,2020-11,4,553,15,5.1,1.8,1.5,A1,6,6,0,0
L193,fr,2020-12,8,1272,371,73.4,34.6,20.3,A1,149,143,6,0
L193,fr,2021-03,12,1725,718,83.1,50.1,32.1,A1,279,272,7,0
L193,fr,2021-10,15,1981,857,83.5,54.6,36.9,A1,342,330,12,0
L193,fr,2021-12,21,2407,1070,81.8,60.7,45.0,A1,462,446,16,0
L193,fr,2022-03,22,2508,1100,82.0,62.6,47.1,A1,492,474,18,0
L193,fr,2022-10,24,2746,1190,85.6,66.8,50.8,A1,561,542,19,1
L193,fr,2023-02,25,2794,1218,85.6,67.4,51.1,A1,573,553,20,1
L194,fr,2021-09,2,333,0,0.0,0.0,0.0,A1,0,0,0,0
L194,fr,2021-10,3,485,56,43.1,11.3,5.6,A1,29,29,0,0
L194,fr,2021-11,4,612,85,55.6,16.9,8.5,A1,47,47,0,0
L194,fr,2022-01,5,716,119,66.2,23.7,11.9,A1,68,68,0,0
L194,fr,2022-04,8,1208,229,70.7,30.4,16.6,A1,116,116,0,0
L194,fr,2023-10,12,1459,340,74.7,38.4,23.0,A1,168,165,3,0
L194,fr,2023-12,13,1491,358,75.9,39.6,24.1,A1,178,175,3,0
L194,fr,2024-01,20,2222,656,82.8,54.3,36.9,A1,331,326,5,1
L194,fr,2024-03,25,2645,968,86.2,62.8,46.1,A1,483,465,18,2
L195,fr,2024-10,5,729,127,56.3,18.7,9.3,A1,56,56,0,0
L195,fr,2024-11,6,884,151,56.6,20.5,12.2,A1,70,70,0,0
L195,fr,2024-12,6,884,151,56.6,20.5,12.2,A1,70,70,0,0
L195,fr,2025-02,8,1271,243,63.2,29.1,17.2,A1,107,106,1,0
L195,fr,2025-03,10,1590,367,67.5,35.8,22.3,A1,167,162,5,0
L195,fr,2025-05,14,1917,504,72.4,42.6,28.1,A1,235,227,8,1
L195,fr,2025-09,15,1992,558,73.6,44.4,29.1,A1,253,241,12,1
L195,fr,2025-10,16,2058,576,73.0,46.3,30.5,A1,267,254,13,1
L195,fr,2025-11,17,2115,629,73.0,46.8,32.0,A1,285,271,14,1
L195,fr,2025-12,18,2178,658,74.2,48.7,33.5,A1,301,287,14,1
L195,fr,2026-01,19,2238,701,75.3,50.4,34.9,A1,319,305,14,1
L195,fr,2026-02,20,2369,766,76.4,53.6,37.4,A1,350,335,15,1
L195,fr,2026-03,23,2695,949,83.5,60.2,43.5,A1,452,424,28,1
L195,fr,2026-05,25,2834,991,85.7,61.4,46.1,A1,491,460,31,1
L196,fr,2025-04,4,424,187,34.9,13.0,11.1,A1,42,42,0,0
L196,fr,2025-06,7,673,590,60.3,27.9,22.4,A1,119,115,4,0
L196,fr,2025-10,17,1294,826,76.2,37.5,31.8,A1,221,212,9,0
L196,fr,2026-04,22,1723,882,82.1,45.0,35.4,A1,293,279,14,0
L196,fr,2026-06,25,1971,976,82.4,49.7,38.2,A1,348,324,24,0
L197,fr,2025-06,6,946,188,65.7,22.2,12.6,A1,78,78,0,0
L197,fr,2025-09,10,1542,485,68.3,32.2,21.8,A1,171,171,0,0
L197,fr,2025-11,13,1794,630,71.1,36.9,27.0,A1,224,224,0,0
L197,fr,2026-01,14,1966,742,70.9,40.1,29.0,A1,271,271,0,0
L197,fr,2026-03,25,3779,1330,90.7,70.1,55.6,A1,700,697,3,0
L198,fr,2025-10,5,602,70,43.5,12.9,7.0,A1,34,34,0,0
L198,fr,2026-05,10,1075,209,66.7,27.4,16.1,A1,90,90,0,0
L198,fr,2026-06,25,2526,836,80.2,58.8,40.9,A1,413,406,7,0
L199,nl,2018-03,17,1731,483,80.5,40.6,28.9,A1,202,202,0,0
L199,nl,2018-04,24,2127,591,82.8,52.0,34.1,A1,279,279,0,0
L199,nl,2018-05,25,2158,607,84.9,53.6,35.7,A1,292,292,0,0
L200,nl,2025-05,1,118,0,0.0,0.0,0.0,A1,0,0,0,0
L200,nl,2025-06,16,2751,715,84.4,57.4,36.2,A1,344,340,4,0
L200,nl,2025-07,21,3329,848,87.6,62.1,43.0,A1,448,443,5,0
L200,nl,2025-08,23,3599,965,88.7,65.2,46.0,A1,507,502,5,0
L200,nl,2025-09,25,3755,1014,89.7,67.5,48.0,A1,536,530,6,0
L201,fr,2018-07,2,444,0,0.0,0.0,0.0,A1,0,0,0,0
L201,fr,2019-04,24,3022,946,88.0,65.0,47.8,A1,511,498,13,0
L202,fr,2018-09,2,260,0,0.0,0.0,0.0,A1,0,0,0,0
L202,fr,2019-01,3,351,47,32.7,6.5,3.3,A1,19,19,0,0
L202,fr,2019-02,4,555,99,46.8,14.2,8.1,A1,39,39,0,0
L202,fr,2019-03,5,609,115,55.6,17.9,9.8,A1,48,48,0,0
L202,fr,2019-05,7,737,153,54.5,19.8,11.4,A1,58,58,0,0
L202,fr,2019-06,9,836,169,54.7,20.8,11.6,A1,69,68,1,0
L202,fr,2019-09,11,1019,213,59.7,22.6,12.7,A1,81,79,2,0
L202,fr,2019-10,12,1135,220,60.5,22.8,12.7,A1,88,85,3,0
L202,fr,2019-12,14,1248,256,63.0,24.3,13.3,A1,97,92,5,0
L202,fr,2020-01,15,1303,247,63.0,24.4,13.3,A1,99,93,6,0
L202,fr,2020-02,16,1363,253,67.9,24.5,13.4,A1,105,98,7,0
L202,fr,2020-04,18,1536,293,65.9,27.5,15.5,A1,126,119,7,0
L202,fr,2020-06,20,1614,331,69.4,29.8,17.6,A1,143,135,8,0
L202,fr,2020-10,22,1795,378,73.9,32.9,19.8,A1,164,152,12,1
L202,fr,2020-12,24,1867,408,76.1,33.2,21.3,A1,176,159,17,2
L203,fr,2018-09,2,759,0,0.0,0.0,0.0,A1,0,0,0,0
L203,fr,2018-10,4,965,248,60.0,21.1,11.6,A1,85,85,0,0
L203,fr,2019-01,6,1203,480,74.7,33.8,21.1,A1,163,163,0,0
L203,fr,2019-02,8,1340,531,77.1,38.0,25.1,A1,194,194,0,0
L203,fr,2019-03,14,1959,849,82.6,51.5,37.5,A1,340,340,0,0
L203,fr,2019-05,18,2191,963,89.8,58.1,41.5,A1,402,399,3,0
L203,fr,2019-11,19,2340,935,89.8,58.3,41.3,A1,407,397,10,0
L203,fr,2020-01,24,2617,942,88.9,58.0,42.5,A1,435,421,14,0
L204,fr,2018-09,2,363,0,0.0,0.0,0.0,A1,0,0,0,0
L204,fr,2019-01,4,633,97,54.2,14.8,8.9,A1,50,50,0,0
L204,fr,2019-02,5,740,147,62.5,21.4,12.7,A1,69,69,0,0
L204,fr,2019-03,9,1010,291,72.0,35.4,20.3,A1,118,118,0,0
L204,fr,2019-05,10,1114,294,73.3,34.8,20.1,A1,122,122,0,0
L204,fr,2019-09,12,1250,330,77.9,37.8,23.2,A1,146,146,0,0
L204,fr,2019-10,14,1483,394,82.3,40.1,26.8,A1,177,175,2,0
L204,fr,2019-11,17,1783,573,81.7,46.5,32.9,A1,242,238,4,0
L204,fr,2020-01,18,1828,585,82.9,46.7,33.6,A1,250,244,6,0
L204,fr,2020-02,19,1885,632,83.1,48.9,35.7,A1,269,261,8,0
L204,fr,2020-03,21,2074,674,84.5,50.3,37.2,A1,301,289,12,0
L204,fr,2020-06,24,2162,741,83.7,52.4,40.2,A1,331,318,13,0
L205,fr,2018-10,1,86,0,0.0,0.0,0.0,A1,0,0,0,0
L205,fr,2018-11,3,431,25,24.6,4.9,2.5,A1,15,15,0,0
L205,fr,2018-12,5,622,104,46.8,15.1,8.7,A1,41,41,0,0
L205,fr,2019-01,7,930,176,53.1,18.9,12.6,A1,75,75,0,0
L205,fr,2019-02,10,1273,346,60.7,28.0,20.6,A1,129,129,0,0
L205,fr,2019-03,13,1733,554,75.3,42.6,30.9,A1,232,232,0,0
L205,fr,2019-05,14,1806,566,78.9,44.3,32.0,A1,247,247,0,0
L205,fr,2019-10,15,1887,592,78.9,45.8,33.5,A1,264,264,0,0
L205,fr,2019-11,16,1934,622,78.3,47.7,34.6,A1,279,279,0,0
L205,fr,2020-01,17,1978,650,78.3,49.2,35.4,A1,290,290,0,0
L205,fr,2020-02,18,2003,738,79.3,51.5,36.7,A1,317,316,1,0
L205,fr,2020-03,19,2061,755,80.4,53.1,38.3,A1,330,328,2,0
L205,fr,2020-04,20,2114,761,80.4,53.6,39.2,A1,340,337,3,0
L205,fr,2020-09,22,2310,773,81.7,52.9,39.4,A1,360,355,5,0
L205,fr,2020-11,24,2489,841,81.9,54.8,40.7,A1,398,390,8,1
L206,fr,2018-10,1,154,0,0.0,0.0,0.0,A1,0,0,0,0
L206,fr,2018-12,3,652,63,33.8,8.7,4.3,A1,30,30,0,0
L206,fr,2019-01,4,832,111,53.1,15.9,7.9,A1,57,57,0,0
L206,fr,2019-02,7,1294,317,74.7,31.1,19.6,A1,143,143,0,0
L206,fr,2019-04,12,1670,481,78.0,42.8,28.7,A1,227,227,0,0
L206,fr,2019-10,14,1784,534,80.9,45.4,30.4,A1,254,254,0,0
L206,fr,2019-11,15,1855,550,80.9,46.4,30.9,A1,266,266,0,0
L206,fr,2019-12,16,1936,554,80.9,47.6,32.1,A1,277,277,0,0
L206,fr,2020-02,18,2155,605,81.1,52.2,35.6,A1,314,314,0,0
L206,fr,2020-04,20,2292,677,82.1,56.3,39.3,A1,354,354,0,0
L206,fr,2020-09,21,2415,737,83.2,56.8,41.0,A1,383,382,1,0
L206,fr,2020-10,22,2500,778,83.2,58.1,42.4,A1,405,404,1,0
L206,fr,2021-04,24,2566,795,85.4,59.5,44.1,A1,422,421,1,0
L207,fr,2018-11,1,185,0,0.0,0.0,0.0,A1,0,0,0,0
L207,fr,2019-04,2,498,0,0.0,0.0,0.0,A1,0,0,0,0
L207,fr,2019-05,3,656,60,36.2,7.7,6.0,A1,34,34,0,0
L207,fr,2019-06,10,1820,433,72.4,38.6,24.4,A1,192,191,1,0
L207,fr,2019-07,17,2533,645,82.2,48.5,33.0,A1,312,306,6,0
L207,fr,2019-10,18,2658,673,82.2,50.9,34.2,A1,333,327,6,0
L207,fr,2020-01,19,2859,723,84.4,53.0,36.0,A1,366,358,8,0
L207,fr,2020-03,20,2993,797,84.6,54.7,37.6,A1,401,391,10,0
L207,fr,2020-04,21,3026,820,84.6,55.2,38.1,A1,410,399,11,0
L207,fr,2020-12,22,3079,843,85.7,56.2,38.7,A1,422,408,14,2
L207,fr,2021-04,24,3208,901,84.8,58.2,40.7,A1,456,439,17,2
L208,fr,2019-01,1,232,0,0.0,0.0,0.0,A1,0,0,0,0
L208,fr,2019-08,2,286,0,0.0,0.0,0.0,A1,0,0,0,0
L208,fr,2019-10,3,402,26,26.3,5.3,2.6,A1,15,15,0,0
L208,fr,2020-06,4,477,48,40.7,9.6,4.8,A1,26,26,0,0
L208,fr,2020-09,7,1215,127,63.4,21.7,11.8,A1,72,71,1,0
L208,fr,2020-10,8,1425,162,66.7,24.9,14.5,A1,93,91,2,0
L208,fr,2020-11,9,1573,210,72.5,30.0,17.7,A1,119,117,2,0
L208,fr,2021-11,10,1650,236,72.0,30.4,18.1,A1,128,126,2,0
L208,fr,2022-09,11,1781,373,71.1,35.3,23.3,A1,171,169,2,0
L208,fr,2023-09,15,1955,527,76.2,40.9,27.3,A1,227,224,3,0
L208,fr,2023-10,18,2099,587,78.4,45.3,30.0,A1,267,263,4,0
L208,fr,2024-01,19,2184,624,78.7,47.4,31.3,A1,287,283,4,0
L208,fr,2024-03,20,2228,663,78.7,49.9,34.1,A1,308,303,5,0
L208,fr,2024-09,21,2288,710,79.8,50.9,35.6,A1,329,323,6,0
L208,fr,2025-01,22,2323,718,78.9,51.5,35.8,A1,335,329,6,0
L208,fr,2025-09,23,2393,762,80.0,52.4,36.4,A1,353,346,7,0
L208,fr,2025-10,24,2448,779,80.0,52.6,36.8,A1,362,355,7,0
L209,fr,2019-09,1,171,0,0.0,0.0,0.0,A1,0,0,0,0
L209,fr,2019-10,6,791,132,52.9,18.2,10.5,A1,68,68,0,0
L209,fr,2019-12,8,1104,239,67.0,28.3,17.3,A1,118,118,0,0
L209,fr,2020-01,9,1328,381,75.0,35.6,21.2,A1,163,163,0,0
L209,fr,2020-04,10,1404,407,78.7,38.2,22.8,A1,181,181,0,0
L209,fr,2020-06,16,2123,628,83.9,48.3,33.5,A1,307,305,2,0
L209,fr,2020-09,17,2152,636,84.9,48.4,33.9,A1,313,311,2,0
L209,fr,2020-10,19,2457,712,85.1,53.2,38.0,A1,369,366,3,0
L209,fr,2021-02,23,2698,856,88.3,59.4,43.2,A1,442,435,7,1
L209,fr,2021-04,24,2784,887,88.3,59.9,43.7,A1,459,452,7,0
L210,fr,2020-09,5,396,62,43.4,10.9,6.2,A1,38,38,0,0
L210,fr,2020-11,6,662,87,53.6,16.2,8.7,A1,59,59,0,0
L210,fr,2020-12,7,869,148,60.0,20.7,11.2,A1,82,82,0,0
L210,fr,2021-02,8,955,201,65.6,23.5,14.4,A1,102,102,0,0
L210,fr,2021-03,10,1261,323,69.6,30.6,21.2,A1,151,150,1,0
L210,fr,2021-05,11,1400,359,72.8,35.0,23.0,A1,174,173,1,0
L210,fr,2021-06,13,1801,541,80.9,41.3,28.0,A1,247,245,2,0
L210,fr,2021-09,14,1841,579,80.9,43.0,29.5,A1,259,257,2,0
L210,fr,2021-10,15,1921,606,81.9,44.0,31.2,A1,276,274,2,0
L210,fr,2021-11,17,1987,642,81.1,45.7,33.0,A1,293,291,2,0
L210,fr,2021-12,19,2216,678,82.1,48.4,34.8,A1,326,323,3,0
L210,fr,2022-02,21,2440,749,83.2,52.0,38.3,A1,370,365,5,0
L210,fr,2022-04,22,2623,778,84.2,53.9,39.6,A1,398,393,5,0
L210,fr,2022-05,24,2731,835,84.2,56.7,40.9,A1,428,420,8,0
L211,fr,2020-09,3,332,33,32.7,6.5,3.3,A1,16,16,0,0
L211,fr,2020-11,6,688,129,58.2,18.8,11.0,A1,56,56,0,0
L211,fr,2021-02,9,912,216,65.7,26.9,16.1,A1,88,88,0,0
L211,fr,2021-03,10,1020,228,69.9,29.1,18.1,A1,101,101,0,0
L211,fr,2021-04,12,1145,337,73.3,31.4,22.7,A1,130,130,0,0
L211,fr,2021-06,14,1212,335,72.4,33.2,23.3,A1,138,138,0,0
L211,fr,2021-09,18,1469,446,75.9,39.6,27.5,A1,183,182,1,0
L211,fr,2021-12,19,1783,487,81.2,41.4,28.8,A1,215,213,2,0
L211,fr,2022-04,21,1896,535,81.7,43.2,30.2,A1,234,231,3,0
L211,fr,2022-05,22,2006,566,81.7,44.4,31.5,A1,247,244,3,0
L211,fr,2022-06,23,2089,576,82.9,46.1,32.0,A1,258,255,3,0
L211,fr,2022-09,24,2168,597,82.9,48.7,34.6,A1,274,271,3,0
L212,fr,2020-10,2,438,0,0.0,0.0,0.0,A1,0,0,0,0
L212,fr,2020-12,5,813,91,54.4,14.8,9.1,A1,51,51,0,0
L212,fr,2021-01,6,935,201,71.0,22.7,13.7,A1,80,80,0,0
L212,fr,2021-03,8,1265,380,71.2,30.9,20.5,A1,133,133,0,0
L212,fr,2021-04,13,1769,586,75.9,43.4,29.5,A1,236,233,3,0
L212,fr,2021-06,16,2501,745,83.5,51.4,36.8,A1,335,328,7,0
L212,fr,2021-10,18,2601,819,82.9,52.9,38.7,A1,369,361,8,0
L212,fr,2022-02,19,2642,842,84.1,52.9,39.0,A1,380,370,10,0
L212,fr,2022-05,21,2792,861,85.4,54.0,40.3,A1,400,387,13,0
L212,fr,2022-09,22,2838,872,83.3,54.2,41.1,A1,412,398,14,0
L212,fr,2022-12,23,2935,896,83.7,56.2,43.0,A1,433,418,15,0
L212,fr,2023-01,24,2992,941,84.9,57.3,43.6,A1,453,436,17,0
L213,fr,2020-10,2,421,0,0.0,0.0,0.0,A1,0,0,0,0
L213,fr,2020-11,5,880,184,59.2,22.3,13.2,A1,79,79,0,0
L213,fr,2020-12,6,1050,257,70.1,29.0,17.6,A1,111,110,1,0
L213,fr,2021-02,7,1124,310,71.8,32.6,19.9,A1,127,126,1,0
L213,fr,2021-03,10,1471,477,77.1,38.0,25.1,A1,184,178,6,0
L213,fr,2021-10,12,1619,548,82.1,43.2,28.7,A1,220,212,8,0
L213,fr,2021-12,14,1667,587,81.4,45.0,30.4,A1,238,229,9,0
L213,fr,2022-03,15,1823,657,82.8,48.5,33.0,A1,270,259,11,0
L213,fr,2022-05,16,1956,712,85.1,50.4,35.6,A1,301,288,13,0
L213,fr,2022-06,17,2023,760,83.1,52.0,36.8,A1,323,310,13,0
L213,fr,2022-08,18,2083,774,87.6,55.1,38.9,A1,345,332,13,0
L213,fr,2022-09,20,2265,815,87.6,55.4,40.7,A1,379,362,17,0
L213,fr,2022-12,22,2382,880,87.6,57.5,42.6,A1,411,391,20,0
L213,fr,2023-02,24,2485,963,87.6,59.6,45.7,A1,449,421,28,0
L214,fr,2020-11,3,524,29,26.5,5.9,2.9,A1,19,19,0,0
L214,fr,2020-12,4,665,103,53.8,14.2,8.2,A1,54,54,0,0
L214,fr,2021-03,7,937,179,69.5,21.2,11.4,A1,88,88,0,0
L214,fr,2021-09,16,1795,500,80.4,41.8,27.7,A1,226,225,1,0
L214,fr,2021-11,19,2024,615,82.6,45.8,31.4,A1,276,274,2,0
L214,fr,2022-01,24,2321,774,84.9,51.2,37.6,A1,358,354,4,1
L215,fr,2021-09,1,176,0,0.0,0.0,0.0,A1,0,0,0,0
L215,fr,2021-10,4,582,57,36.8,10.2,5.7,A1,26,26,0,0
L215,fr,2021-11,12,1302,517,78.3,44.9,31.6,A1,198,195,3,0
L215,fr,2021-12,14,1485,601,80.7,48.6,34.7,A1,234,231,3,0
L215,fr,2022-01,16,1661,602,83.3,53.0,37.4,A1,262,259,3,0
L215,fr,2022-02,17,2056,696,83.5,55.2,38.5,A1,303,297,6,0
L215,fr,2022-03,18,2198,805,81.6,55.7,39.4,A1,340,334,6,0
L215,fr,2022-04,22,2807,1033,85.4,65.1,49.4,A1,484,474,10,0
L215,fr,2022-06,24,3025,1101,85.6,65.5,50.2,A1,533,521,12,0
L216,fr,2021-10,1,408,0,0.0,0.0,0.0,A1,0,0,0,0
L216,fr,2021-11,3,535,78,27.1,8.3,4.1,A1,25,25,0,0
L216,fr,2021-12,4,721,116,42.1,11.4,6.6,A1,44,44,0,0
L216,fr,2022-01,6,918,468,67.5,29.7,19.3,A1,131,131,0,0
L216,fr,2022-03,11,1683,756,73.8,39.7,28.6,A1,258,254,4,0
L216,fr,2022-04,11,1683,719,73.8,38.7,27.9,A1,248,244,4,0
L216,fr,2022-06,12,1754,758,73.8,41.4,29.4,A1,266,261,5,0
L216,fr,2022-09,14,1882,803,75.3,42.2,30.2,A1,285,278,7,0
L216,fr,2022-11,18,2107,918,77.9,48.3,36.8,A1,350,335,15,0
L216,fr,2023-06,24,2738,897,82.8,49.6,37.4,A1,416,382,34,2
L217,fr,2024-10,1,324,0,0.0,0.0,0.0,A1,0,0,0,0
L217,fr,2024-11,4,684,107,38.1,12.3,7.6,A1,35,35,0,0
L217,fr,2024-12,5,834,143,48.5,15.3,8.7,A1,52,52,0,0
L217,fr,2025-02,7,1235,232,68.0,23.3,13.8,A1,94,92,2,0
L217,fr,2025-03,11,1593,335,62.2,26.4,16.5,A1,124,119,5,0
L217,fr,2025-05,13,1706,417,65.5,29.3,19.1,A1,152,139,13,0
L217,fr,2025-11,13,1706,394,64.3,28.1,18.1,A1,146,134,12,0
L217,fr,2025-12,15,1801,563,64.7,30.7,20.1,A1,181,167,14,1
L217,fr,2026-01,16,1822,590,67.1,32.2,20.7,A1,189,172,17,3
L217,fr,2026-02,19,2127,590,68.4,34.3,23.7,A1,229,198,31,5
L217,fr,2026-03,22,2386,646,72.9,39.5,27.0,A1,271,224,47,13
L217,fr,2026-05,23,2468,670,74.2,41.4,28.3,A1,291,236,55,16
L217,fr,2026-06,24,2536,702,75.3,43.9,29.3,A1,308,249,59,17
L218,fr,2025-09,3,392,28,28.3,5.7,2.8,A1,13,13,0,0
L218,fr,2025-11,6,560,348,71.7,25.8,18.8,A1,90,90,0,0
L218,fr,2026-01,11,1117,581,62.4,31.1,20.6,A1,147,147,0,0
L218,fr,2026-02,16,1634,712,73.3,40.5,27.3,A1,222,222,0,0
L218,fr,2026-03,21,2156,830,74.4,47.7,33.9,A1,315,314,1,0
L218,fr,2026-06,24,2498,851,74.5,52.2,36.6,A1,376,375,1,0
L219,da,2022-04,4,383,38,31.1,7.6,3.8,A1,21,21,0,0
L219,da,2022-05,4,383,38,31.1,7.6,3.8,A1,21,21,0,0
L219,da,2022-06,22,1771,713,86.5,49.9,35.9,A1,284,278,6,0
L219,da,2022-07,22,1771,713,86.5,49.9,35.9,A1,284,278,6,0
L219,da,2022-08,22,1771,713,86.5,49.9,35.9,A1,284,278,6,1
L219,da,2022-10,23,1809,733,86.5,49.9,36.0,A1,289,283,6,1
L220,da,2024-05,9,998,259,70.6,32.9,19.7,A1,124,123,1,0
L220,da,2024-06,23,2303,830,88.7,58.4,39.9,A1,360,351,9,0
L221,da,2025-04,3,861,56,28.6,7.3,4.2,A1,27,27,0,0
L221,da,2025-05,22,2196,710,81.9,48.9,36.6,A1,290,287,3,0
L221,da,2025-06,23,2250,743,83.0,50.2,38.1,A1,303,298,5,0
L222,de,2021-01,1,109,0,0.0,0.0,0.0,A1,0,0,0,0
L222,de,2021-02,2,219,0,0.0,0.0,0.0,A1,0,0,0,0
L222,de,2021-03,15,1713,493,85.7,45.8,29.2,A1,195,193,2,0
L222,de,2021-04,23,2670,699,89.9,54.4,37.0,A1,311,307,4,0
L223,en,2019-09,13,1883,765,75.3,43.5,30.9,A1,295,295,0,0
L223,en,2019-10,17,2311,1180,84.4,53.5,41.0,A1,472,472,0,0
L223,en,2019-11,22,2856,1605,88.2,66.3,53.8,A2,719,719,0,0
L223,en,2019-12,23,3080,1708,89.2,68.5,57.4,A2,789,789,0,0
L224,fr,2018-09,4,748,143,53.2,16.6,10.0,A1,50,50,0,0
L224,fr,2018-10,6,949,213,62.9,23.7,14.9,A1,84,84,0,0
L224,fr,2018-12,7,1173,325,68.9,32.1,21.6,A1,126,126,0,0
L224,fr,2019-01,8,1203,357,71.6,34.6,23.3,A1,136,136,0,0
L224,fr,2019-02,10,1325,416,72.7,38.5,26.3,A1,164,164,0,0
L224,fr,2019-10,11,1389,441,75.3,40.4,27.3,A1,174,174,0,0
L224,fr,2020-01,12,1553,486,75.0,41.6,28.6,A1,198,198,0,0
L224,fr,2020-03,16,1793,618,76.5,45.4,32.9,A1,257,255,2,0
L224,fr,2020-09,18,1984,782,80.0,53.1,38.4,A1,319,315,4,0
L224,fr,2020-11,19,2116,822,80.0,55.4,39.5,A1,347,342,5,0
L224,fr,2021-03,21,2335,963,80.7,59.5,43.2,A1,419,412,7,0
L224,fr,2021-04,23,2376,991,81.8,60.3,44.0,A1,432,424,8,0
L225,fr,2018-09,1,168,0,0.0,0.0,0.0,A1,0,0,0,0
L225,fr,2018-10,2,403,0,0.0,0.0,0.0,A1,0,0,0,0
L225,fr,2018-11,3,539,58,40.0,8.7,4.4,A1,26,26,0,0
L225,fr,2019-09,4,787,122,62.3,17.4,9.9,A1,58,58,0,0
L225,fr,2019-10,5,972,183,72.5,25.0,14.3,A1,83,83,0,0
L225,fr,2019-12,7,1164,295,74.0,31.7,18.8,A1,122,122,0,0
L225,fr,2020-01,10,1587,419,75.6,40.2,25.8,A1,179,179,0,0
L225,fr,2020-03,13,1759,483,75.0,44.5,28.9,A1,215,215,0,0
L225,fr,2020-04,17,2063,673,79.3,53.7,36.5,A1,302,302,0,0
L225,fr,2020-06,18,2091,689,81.7,55.2,37.4,A1,313,312,1,0
L225,fr,2020-09,20,2267,765,86.6,58.0,39.4,A1,354,352,2,0
L225,fr,2020-11,21,2387,790,87.8,59.6,41.0,A1,375,373,2,0
L225,fr,2020-12,22,2452,876,89.2,61.1,43.4,A1,408,405,3,0
L225,fr,2021-03,23,2616,980,89.3,64.3,47.4,A1,461,457,4,0
L226,fr,2019-01,2,228,0,0.0,0.0,0.0,A1,0,0,0,0
L226,fr,2019-04,3,393,67,36.1,8.9,5.0,A1,26,26,0,0
L226,fr,2019-09,5,776,136,59.2,18.5,10.4,A1,62,62,0,0
L226,fr,2019-10,6,877,165,58.0,20.4,11.8,A1,77,77,0,0
L226,fr,2020-02,10,1346,298,72.9,31.1,18.6,A1,139,138,1,0
L226,fr,2020-09,11,1399,312,74.1,31.6,19.0,A1,147,146,1,0
L226,fr,2020-10,12,1569,374,75.3,35.1,22.4,A1,174,172,2,0
L226,fr,2021-01,13,1648,460,77.6,38.0,25.3,A1,204,202,2,0
L226,fr,2021-10,14,1725,511,77.6,39.0,27.2,A1,221,219,2,0
L226,fr,2022-03,17,2036,664,82.0,46.2,33.8,A1,298,294,4,0
L226,fr,2022-09,19,2147,743,84.3,50.2,36.8,A1,334,328,6,0
L226,fr,2022-10,20,2187,789,84.3,51.3,37.4,A1,350,344,6,0
L226,fr,2023-07,21,2232,798,84.3,51.9,38.0,A1,358,352,6,0
L226,fr,2023-10,22,2376,841,85.4,52.7,39.4,A1,381,374,7,0
L226,fr,2024-09,23,2402,855,85.4,53.9,40.2,A1,389,382,7,0
L227,fr,2019-09,3,623,195,37.7,13.5,8.5,A1,45,45,0,0
L227,fr,2019-10,4,669,222,51.4,18.4,11.3,A1,66,66,0,0
L227,fr,2019-11,7,1017,316,58.1,26.3,16.0,A1,111,111,0,0
L227,fr,2019-12,9,1283,393,66.3,32.4,21.1,A1,148,148,0,0
L227,fr,2020-01,11,1497,478,77.0,39.5,27.1,A1,194,194,0,0
L227,fr,2020-02,13,1607,538,77.3,41.8,28.8,A1,216,216,0,0
L227,fr,2020-03,14,1686,525,77.3,42.2,28.9,A1,220,220,0,0
L227,fr,2020-06,15,1729,551,75.3,43.7,30.3,A1,233,233,0,0
L227,fr,2020-10,16,1804,566,75.3,45.0,31.2,A1,246,246,0,0
L227,fr,2020-12,19,2018,657,78.7,48.3,34.1,A1,288,286,2,0
L227,fr,2021-01,23,2510,799,82.2,54.4,39.6,A1,379,370,9,1
L228,fr,2019-09,5,315,126,34.6,10.3,6.6,A1,26,26,0,0
L228,fr,2020-09,6,498,130,42.9,11.8,7.6,A1,41,41,0,0
L228,fr,2020-10,7,560,150,48.6,12.5,7.7,A1,48,48,0,0
L228,fr,2020-11,10,1027,240,70.0,25.1,14.7,A1,101,101,0,0
L228,fr,2021-09,12,1220,342,70.7,30.5,18.0,A1,135,135,0,0
L228,fr,2021-11,16,1530,603,83.3,39.1,26.9,A1,214,213,1,0
L228,fr,2022-01,19,1749,655,83.7,41.6,29.3,A1,249,247,2,0
L228,fr,2022-02,23,2072,828,82.6,45.9,34.4,A1,332,328,4,1
L229,fr,2019-09,1,213,0,0.0,0.0,0.0,A1,0,0,0,0
L229,fr,2019-10,7,1021,224,66.7,25.3,16.3,A1,102,102,0,0
L229,fr,2019-12,9,1133,326,70.4,29.5,20.1,A1,130,129,1,0
L229,fr,2020-02,12,1490,459,73.8,39.3,25.5,A1,191,189,2,0
L229,fr,2020-03,15,1642,657,75.3,45.5,31.5,A1,257,254,3,0
L229,fr,2020-06,16,1744,684,75.9,47.5,32.4,A1,278,275,3,0
L229,fr,2020-08,19,1887,762,75.9,50.3,36.4,A1,316,313,3,0
L229,fr,2020-10,21,2072,800,75.0,54.0,38.7,A1,348,345,3,0
L229,fr,2021-02,23,2231,888,75.6,59.2,42.3,A1,394,391,3,0
L230,fr,2020-09,2,338,0,0.0,0.0,0.0,A1,0,0,0,0
L230,fr,2020-10,4,543,61,47.1,9.4,4.7,A1,34,34,0,0
L230,fr,2020-11,5,626,95,58.6,14.4,7.2,A1,48,48,0,0
L230,fr,2020-12,9,985,170,69.6,22.6,12.1,A1,85,85,0,0
L230,fr,2021-06,11,1073,178,72.2,25.4,13.4,A1,95,95,0,0
L230,fr,2021-09,12,1251,199,74.7,29.3,16.0,A1,112,112,0,0
L230,fr,2021-10,14,1486,284,75.0,33.0,19.9,A1,150,147,3,0
L230,fr,2022-01,16,1850,380,81.2,40.3,24.5,A1,205,200,5,0
L230,fr,2022-02,20,2278,502,84.9,45.7,31.5,A1,275,268,7,0
L230,fr,2022-03,21,2488,552,83.0,47.3,33.4,A1,302,295,7,0
L230,fr,2023-01,23,2585,607,82.0,48.1,33.8,A1,325,318,7,1
L231,fr,2021-12,8,932,152,60.5,19.2,12.3,A1,78,75,3,0
L231,fr,2022-01,12,1142,248,71.1,35.3,20.9,A1,136,131,5,0
L231,fr,2022-02,14,1316,312,78.8,40.2,24.7,A1,170,165,5,0
L231,fr,2022-03,15,1401,356,82.4,41.3,26.8,A1,188,182,6,0
L231,fr,2024-10,17,1785,435,83.1,45.6,29.5,A1,236,229,7,0
L231,fr,2025-01,22,2352,714,83.5,55.0,38.3,A1,364,352,12,1
L231,fr,2025-03,23,2410,759,83.5,56.9,39.6,A1,386,374,12,1
L232,fr,2022-09,1,224,0,0.0,0.0,0.0,A1,0,0,0,0
L232,fr,2022-10,3,594,68,38.6,11.3,6.8,A1,33,33,0,0
L232,fr,2022-11,6,1186,171,68.4,24.2,14.4,A1,93,93,0,0
L232,fr,2022-12,8,1382,296,73.3,30.8,18.3,A1,136,136,0,0
L232,fr,2023-02,10,1622,446,75.8,37.7,24.0,A1,196,196,0,0
L232,fr,2023-03,11,1864,525,81.3,43.5,29.1,A1,247,247,0,0
L232,fr,2023-04,13,1990,597,87.9,48.3,33.8,A1,291,290,1,0
L232,fr,2023-05,14,2067,603,87.9,48.5,34.7,A1,302,301,1,0
L232,fr,2023-09,15,2333,695,91.2,55.0,39.4,A1,363,361,2,0
L232,fr,2023-10,16,2457,735,91.2,55.9,40.7,A1,385,383,2,0
L232,fr,2023-11,17,2616,772,92.3,57.0,41.9,A1,409,405,4,0
L232,fr,2023-12,18,2702,803,92.3,57.7,43.3,A1,428,423,5,0
L232,fr,2024-02,19,2794,850,93.4,60.6,45.2,A1,456,450,6,0
L232,fr,2024-03,20,2923,876,93.4,62.1,46.1,A1,478,469,9,0
L232,fr,2024-04,21,3057,919,92.4,63.4,47.5,A1,507,496,11,1
L232,fr,2024-05,22,3167,964,93.5,65.1,49.4,A1,538,524,14,1
L232,fr,2025-03,23,3302,1022,93.5,66.8,50.3,A1,566,551,15,1
L233,fr,2022-11,9,904,255,62.4,24.5,15.0,A1,107,107,0,0
L233,fr,2023-03,10,967,278,64.5,25.8,15.5,A1,115,115,0,0
L233,fr,2023-12,15,1557,424,78.7,38.8,25.3,A1,199,198,1,1
L233,fr,2024-02,16,1634,435,80.9,40.8,26.3,A1,210,209,1,1
L233,fr,2024-04,23,2695,1026,83.2,57.9,45.1,A1,472,461,11,1
L234,fr,2023-10,2,434,0,0.0,0.0,0.0,A1,0,0,0,0
L234,fr,2023-12,6,785,152,63.5,21.2,10.6,A1,82,82,0,0
L234,fr,2024-02,10,1302,296,71.9,32.6,18.8,A1,142,142,0,0
L234,fr,2024-03,11,1386,323,73.0,35.1,20.2,A1,154,154,0,0
L234,fr,2024-04,12,1420,340,74.2,35.3,20.4,A1,160,160,0,0
L234,fr,2024-06,13,1525,383,76.7,40.3,24.2,A1,188,182,6,0
L234,fr,2024-09,14,1575,413,76.7,42.0,25.8,A1,199,192,7,0
L234,fr,2024-11,18,2000,577,80.2,51.6,32.2,A1,280,271,9,0
L234,fr,2025-10,20,2367,677,81.5,54.8,36.8,A1,344,333,11,1
L234,fr,2025-11,21,2429,705,82.6,56.4,38.7,A1,364,352,12,1
L234,fr,2025-12,23,2774,883,86.0,62.4,43.4,A1,439,425,14,1
L235,fr,2023-10,2,457,0,0.0,0.0,0.0,A1,0,0,0,0
L235,fr,2024-02,4,591,81,40.5,13.8,7.4,A1,43,43,0,0
L235,fr,2024-10,9,1643,358,79.1,41.1,26.9,A1,187,187,0,0
L235,fr,2024-11,13,2074,509,85.1,49.5,32.8,A1,262,260,2,0
L235,fr,2024-12,17,2500,664,86.5,55.9,39.2,A1,356,354,2,0
L235,fr,2025-02,19,2892,780,87.6,59.9,44.9,A1,428,421,7,0
L235,fr,2025-03,21,3192,925,91.1,68.1,51.1,A1,526,515,11,0
L235,fr,2025-05,23,3510,1054,94.6,71.7,56.3,A1,611,599,12,0
L236,fr,2024-10,6,1038,234,65.8,24.8,15.3,A1,94,94,0,0
L236,fr,2024-11,9,1509,435,73.4,35.6,22.8,A1,162,161,1,0
L236,fr,2024-12,11,1867,581,75.3,40.2,26.5,A1,222,220,2,0
L236,fr,2025-03,13,2473,800,78.7,52.9,37.0,A1,362,361,1,0
L236,fr,2025-04,14,2747,951,82.2,55.6,41.1,A1,437,436,1,0
L236,fr,2025-05,16,3075,1048,84.4,59.3,45.3,A1,504,500,4,0
L236,fr,2026-02,20,3375,1177,85.7,64.1,48.6,A1,586,577,9,0
L236,fr,2026-03,21,3455,1195,85.7,65.0,49.6,A1,600,588,12,1
L236,fr,2026-06,23,3613,1229,87.9,66.2,51.8,A1,638,622,16,1
L237,fr,2024-10,1,126,0,0.0,0.0,0.0,A1,0,0,0,0
L237,fr,2025-02,2,284,0,0.0,0.0,0.0,A1,0,0,0,0
L237,fr,2025-03,7,1605,489,74.4,43.1,26.6,A1,202,202,0,0
L237,fr,2025-04,13,2556,810,84.5,57.0,38.4,A1,369,367,2,0
L237,fr,2025-10,16,2904,951,85.2,61.3,43.9,A1,453,450,3,0
L237,fr,2025-11,18,3042,1020,84.3,62.0,45.2,A1,483,478,5,0
L237,fr,2026-02,21,3370,1199,87.8,69.3,52.7,A1,599,591,8,0
L237,fr,2026-05,22,3503,1234,88.9,69.3,53.8,A1,627,619,8,0
L237,fr,2026-06,23,3682,1321,88.9,71.1,55.8,A1,676,667,9,0
L238,fr,2026-02,1,227,0,0.0,0.0,0.0,A1,0,0,0,0
L238,fr,2026-03,7,1458,264,63.8,30.6,19.0,A1,138,136,2,0
L238,fr,2026-04,8,1540,298,64.2,31.9,20.1,A1,152,150,2,0
L238,fr,2026-05,9,1651,338,73.7,36.1,22.1,A1,175,171,4,1
L238,fr,2026-06,23,2786,928,89.8,59.7,45.7,A1,478,460,18,2
L239,nl,2018-03,14,1346,261,78.2,32.9,19.3,A1,141,141,0,0
L239,nl,2018-04,16,1425,269,80.7,33.7,20.3,A1,150,150,0,0
L239,nl,2018-05,23,1971,453,85.9,48.3,30.8,A1,240,240,0,0
L240,nl,2022-04,1,163,0,0.0,0.0,0.0,A1,0,0,0,0
L240,nl,2022-06,3,797,52,27.0,7.7,5.2,A1,32,32,0,0
L240,nl,2022-10,7,1337,156,68.4,25.4,13.5,A1,111,111,0,0
L240,nl,2022-11,8,1481,197,71.9,30.7,17.0,A1,136,136,0,0
L240,nl,2022-12,9,1602,229,74.2,34.1,19.5,A1,155,154,1,0
L240,nl,2023-02,14,2358,463,85.9,52.6,32.8,A1,290,280,10,0
L240,nl,2023-03,18,2997,633,89.0,60.8,40.8,A1,385,369,16,0
L240,nl,2023-05,23,3931,901,92.0,70.6,50.3,A1,549,526,23,0
L241,nl,2023-06,4,673,29,14.5,5.7,2.9,A1,20,20,0,0
L241,nl,2024-02,5,805,53,34.5,10.5,5.3,A1,41,41,0,0
L241,nl,2024-03,7,1060,112,44.9,20.0,11.2,A1,77,77,0,0
L241,nl,2024-08,8,1206,186,64.4,27.6,16.2,A1,118,117,1,0
L241,nl,2024-09,9,1226,187,64.8,28.1,16.4,A1,120,119,1,0
L241,nl,2024-10,12,1485,280,75.5,37.9,24.3,A1,180,179,1,0
L241,nl,2024-11,13,1569,347,77.7,41.5,26.7,A1,200,199,1,0
L241,nl,2024-12,15,1650,354,77.9,42.4,27.1,A1,206,205,1,0
L241,nl,2025-01,18,2129,472,85.3,50.5,33.2,A1,270,266,4,0
L241,nl,2025-03,19,2140,485,85.3,50.3,33.2,A1,272,268,4,0
L241,nl,2025-04,21,2377,555,87.6,53.9,36.2,A1,312,307,5,0
L241,nl,2025-10,22,2466,572,87.6,55.1,36.9,A1,322,317,5,0
L241,nl,2026-06,23,2606,624,88.7,59.0,39.4,A1,353,348,5,0
L242,da,2025-10,5,668,67,42.9,12.2,6.7,A1,35,35,0,0
L242,da,2025-11,9,781,98,50.0,17.6,9.8,A1,59,59,0,0
L242,da,2025-12,10,971,171,58.3,21.9,12.7,A1,82,82,0,0
L242,da,2026-01,11,1050,210,62.4,24.4,15.7,A1,97,97,0,0
L242,da,2026-03,14,1242,363,65.9,34.7,22.2,A1,142,142,0,0
L242,da,2026-04,20,1738,542,78.9,45.8,29.2,A1,229,228,1,0
L242,da,2026-05,22,1846,591,82.1,49.3,31.1,A1,252,249,3,0
L243,de,2021-01,4,729,106,43.4,15.7,9.2,A1,52,52,0,0
L243,de,2021-02,7,995,187,54.7,24.4,16.1,A1,87,87,0,0
L243,de,2021-03,21,2381,699,84.9,49.5,34.2,A1,286,272,14,1
L243,de,2021-04,22,2477,725,84.9,50.1,35.4,A1,296,280,16,1
L244,de,2021-01,1,308,0,0.0,0.0,0.0,A1,0,0,0,0
L244,de,2021-02,5,736,118,57.5,21.2,10.6,A1,65,65,0,0
L244,de,2021-03,15,1712,472,77.8,42.6,27.8,A1,185,184,1,0
L244,de,2021-04,22,2576,832,84.9,50.2,35.5,A1,312,306,6,0
L245,de,2026-03,21,1669,479,86.9,48.4,30.8,A1,207,203,4,0
L245,de,2026-04,22,1818,539,86.9,49.6,32.1,A1,226,222,4,0
L246,fr,2018-10,8,1056,310,67.4,27.3,15.8,A1,116,116,0,0
L246,fr,2018-11,10,1317,377,73.9,30.9,18.5,A1,144,144,0,0
L246,fr,2019-01,12,1559,524,78.0,40.5,26.1,A1,208,208,0,0
L246,fr,2019-03,15,1734,656,83.5,47.9,32.6,A1,270,270,0,0
L246,fr,2019-04,16,1871,686,83.5,49.7,34.1,A1,292,291,1,0
L246,fr,2019-10,18,1979,791,82.4,51.8,36.7,A1,323,319,4,0
L246,fr,2019-12,21,2198,856,82.4,55.6,40.1,A1,371,363,8,0
L246,fr,2020-01,22,2256,900,82.4,57.0,41.5,A1,392,381,11,0
L247,fr,2019-09,3,452,62,26.7,8.3,4.2,A1,22,22,0,0
L247,fr,2019-10,7,624,206,54.3,19.4,14.4,A1,66,66,0,0
L247,fr,2019-12,10,901,376,64.5,28.5,20.3,A1,113,113,0,0
L247,fr,2020-01,11,989,358,67.1,30.2,20.9,A1,120,120,0,0
L247,fr,2020-02,12,1110,376,70.4,31.0,22.1,A1,136,136,0,0
L247,fr,2020-04,15,2225,521,79.1,47.2,30.9,A1,254,253,1,0
L247,fr,2020-06,16,2417,628,79.3,52.3,35.8,A1,308,306,2,0
L247,fr,2020-09,17,2828,710,81.6,57.2,40.2,A1,369,366,3,0
L247,fr,2020-12,19,3678,1034,85.4,65.9,50.4,A1,555,549,6,0
L247,fr,2021-02,21,3946,1187,85.9,71.1,55.2,A1,655,648,7,0
L247,fr,2021-04,22,4071,1269,85.9,71.8,56.5,A1,696,686,10,0
L248,fr,2020-09,4,267,39,34.4,7.7,3.9,A1,23,23,0,0
L248,fr,2020-10,7,404,64,47.8,12.9,6.4,A1,37,37,0,0
L248,fr,2020-11,9,814,121,60.8,19.7,11.3,A1,68,68,0,0
L248,fr,2020-12,10,866,140,65.8,21.3,12.8,A1,78,77,1,0
L248,fr,2021-02,15,1067,255,75.3,29.2,19.5,A1,118,115,3,0
L248,fr,2021-09,17,1267,308,82.9,32.0,21.0,A1,144,141,3,0
L248,fr,2021-10,18,1358,353,77.5,34.4,23.1,A1,167,163,4,0
L248,fr,2021-12,22,1762,570,81.3,44.1,30.6,A1,256,247,9,0
L249,fr,2020-09,4,602,87,50.0,15.4,8.7,A1,47,47,0,0
L249,fr,2020-10,6,785,101,55.1,17.8,10.1,A1,59,59,0,0
L249,fr,2020-11,7,854,109,59.3,19.6,10.9,A1,68,68,0,0
L249,fr,2020-12,8,928,143,63.0,24.1,13.1,A1,82,81,1,0
L249,fr,2021-02,9,1013,195,65.9,28.4,15.1,A1,98,97,1,0
L249,fr,2021-03,12,1254,281,72.0,37.1,20.9,A1,134,133,1,0
L249,fr,2021-09,13,1387,310,75.6,38.0,22.4,A1,148,147,1,0
L249,fr,2021-10,14,1527,369,79.3,40.4,25.2,A1,174,172,2,0
L249,fr,2021-11,15,1641,415,81.9,42.8,27.6,A1,195,193,2,0
L249,fr,2022-03,16,1735,442,81.2,44.5,28.5,A1,212,210,2,0
L249,fr,2022-04,18,1872,521,82.4,46.6,30.2,A1,236,233,3,0
L249,fr,2022-06,19,1989,590,87.1,48.6,31.5,A1,264,259,5,0
L249,fr,2022-10,20,2091,659,87.1,50.5,34.0,A1,293,286,7,0
L249,fr,2023-10,21,2151,686,88.2,52.6,35.7,A1,311,303,8,0
L249,fr,2024-01,22,2232,713,88.2,52.7,35.9,A1,326,317,9,0
L250,fr,2021-09,1,154,0,0.0,0.0,0.0,A1,0,0,0,0
L250,fr,2021-10,4,574,99,43.5,9.9,6.3,A1,36,36,0,0
L250,fr,2021-12,8,1103,429,75.3,32.2,23.1,A1,145,144,1,0
L250,fr,2022-02,9,1231,492,79.0,34.6,25.9,A1,171,170,1,0
L250,fr,2022-04,11,1435,610,81.4,40.8,30.9,A1,221,218,3,0
L250,fr,2022-06,12,1452,605,79.3,40.7,30.7,A1,221,218,3,0
L250,fr,2022-10,14,1715,716,78.4,44.5,34.8,A1,271,264,7,1
L250,fr,2022-12,17,2002,729,81.5,50.8,35.7,A1,309,289,20,1
L250,fr,2023-02,18,2114,766,83.7,52.5,37.3,A1,330,303,27,1
L250,fr,2023-04,20,2298,730,83.7,53.0,37.8,A1,339,310,29,1
L250,fr,2023-06,22,2542,680,76.3,50.8,37.2,A1,338,305,33,5
L251,fr,2021-09,3,463,55,34.4,9.2,4.6,A1,27,27,0,0
L251,fr,2021-10,4,568,86,50.0,15.6,7.8,A1,47,47,0,0
L251,fr,2021-11,5,873,145,59.5,18.8,9.8,A1,66,66,0,0
L251,fr,2022-01,7,1051,204,71.1,27.7,16.1,A1,99,99,0,0
L251,fr,2022-02,8,1147,236,73.1,33.1,19.6,A1,121,121,0,0
L251,fr,2022-04,9,1221,289,74.4,37.9,23.5,A1,145,145,0,0
L251,fr,2022-05,10,1305,338,77.5,41.0,25.2,A1,166,165,1,0
L251,fr,2022-09,11,1534,395,78.8,46.7,29.4,A1,202,201,1,0
L251,fr,2022-10,12,1765,457,80.0,48.4,32.2,A1,233,232,1,0
L251,fr,2022-11,15,2049,572,80.0,54.4,36.7,A1,290,287,3,0
L251,fr,2022-12,18,2378,758,81.6,61.6,44.1,A1,389,384,5,0
L251,fr,2023-02,21,2603,855,86.2,64.6,46.3,A1,442,437,5,0
L251,fr,2023-03,22,2754,914,86.4,64.8,47.8,A1,476,470,6,0
L252,fr,2021-09,3,390,69,26.3,8.0,6.0,A1,21,21,0,0
L252,fr,2021-10,4,533,89,46.8,14.0,8.4,A1,40,40,0,0
L252,fr,2021-11,5,715,130,55.6,19.9,11.1,A1,63,63,0,0
L252,fr,2021-12,6,907,176,63.5,26.1,15.0,A1,90,90,0,0
L252,fr,2022-01,9,1196,332,74.0,42.2,24.7,A1,157,156,1,0
L252,fr,2022-04,11,1482,514,76.6,48.5,30.7,A1,221,219,2,0
L252,fr,2022-05,12,1698,573,79.5,50.2,32.2,A1,258,255,3,0
L252,fr,2022-09,15,1819,616,78.8,53.2,35.2,A1,288,284,4,0
L252,fr,2022-11,16,1878,659,78.8,54.2,36.5,A1,304,300,4,0
L252,fr,2023-05,17,1902,657,78.8,53.8,36.7,A1,306,301,5,0
L252,fr,2023-09,18,2186,710,79.1,56.8,38.9,A1,346,341,5,0
L252,fr,2023-10,20,2383,800,79.5,59.5,41.8,A1,395,389,6,0
L252,fr,2024-01,21,2408,809,79.5,60.7,43.3,A1,404,398,6,0
L252,fr,2024-02,22,2517,864,80.7,61.4,43.7,A1,425,419,6,0
L253,fr,2021-09,1,223,0,0.0,0.0,0.0,A1,0,0,0,0
L253,fr,2021-10,3,372,36,32.9,7.2,3.6,A1,24,24,0,0
L253,fr,2021-11,14,2063,597,83.3,50.6,33.1,A1,297,293,4,0
L253,fr,2022-02,16,2502,868,87.8,58.1,41.1,A1,418,413,5,0
L253,fr,2022-09,17,2856,923,87.8,60.7,44.6,A1,467,460,7,0
L253,fr,2023-04,18,3016,1017,87.9,63.5,47.2,A1,515,507,8,0
L253,fr,2023-10,19,3363,1074,88.0,66.0,49.6,A1,567,559,8,0
L253,fr,2024-01,22,3669,1261,89.2,70.6,55.6,A1,673,665,8,0
L254,fr,2021-09,1,216,0,0.0,0.0,0.0,A1,0,0,0,0
L254,fr,2021-10,3,600,49,39.1,8.4,4.9,A1,29,29,0,0
L254,fr,2021-11,5,788,123,60.3,17.0,10.0,A1,62,62,0,0
L254,fr,2021-12,6,961,208,74.3,23.8,14.0,A1,91,90,1,0
L254,fr,2022-02,7,1106,244,75.0,26.1,15.2,A1,107,106,1,0
L254,fr,2022-04,9,1365,550,74.7,37.4,22.4,A1,182,180,2,0
L254,fr,2022-09,10,1485,547,77.5,39.7,24.9,A1,202,199,3,0
L254,fr,2023-10,12,1672,592,78.3,43.0,27.9,A1,241,237,4,0
L254,fr,2024-01,17,2165,806,84.7,54.0,36.5,A1,349,341,8,0
L254,fr,2024-02,19,2344,890,85.1,54.8,38.4,A1,390,378,12,0
L254,fr,2024-03,22,2544,997,82.2,57.9,42.5,A1,459,447,12,0
L255,fr,2022-10,9,1293,306,71.6,31.9,20.0,A1,136,136,0,0
L255,fr,2023-10,15,1834,644,81.8,46.8,31.7,A1,258,256,2,0
L255,fr,2023-11,22,2349,881,85.7,55.7,40.3,A1,393,389,4,0
L256,fr,2023-09,2,317,0,0.0,0.0,0.0,A1,0,0,0,0
L256,fr,2023-10,6,776,104,62.5,19.2,9.6,A1,70,70,0,0
L256,fr,2023-12,8,944,157,62.1,24.3,13.0,A1,95,95,0,0
L256,fr,2024-02,10,1087,199,66.3,27.2,14.8,A1,114,112,2,0
L256,fr,2024-04,13,1386,302,72.5,33.3,18.9,A1,153,148,5,0
L256,fr,2024-10,15,1583,373,74.5,39.3,23.5,A1,196,191,5,0
L256,fr,2024-12,16,1664,397,74.5,41.0,25.9,A1,212,206,6,0
L256,fr,2025-02,17,1758,428,76.6,42.3,27.0,A1,224,217,7,0
L256,fr,2025-04,20,1959,565,78.9,46.5,31.5,A1,279,268,11,1
L256,fr,2025-06,22,2071,704,80.0,47.4,33.0,A1,320,304,16,0
L257,fr,2023-10,1,198,0,0.0,0.0,0.0,A1,0,0,0,0
L257,fr,2023-11,5,943,110,57.0,16.9,8.8,A1,67,67,0,0
L257,fr,2024-04,8,1314,236,73.6,29.3,17.9,A1,132,132,0,0
L257,fr,2024-06,11,1495,329,75.8,37.0,23.4,A1,176,176,0,0
L257,fr,2024-09,12,1533,351,75.8,36.8,23.8,A1,181,181,0,0
L257,fr,2025-03,14,1837,421,84.6,42.8,28.1,A1,231,230,1,0
L257,fr,2025-10,16,2008,519,85.9,46.5,30.2,A1,270,268,2,0
L257,fr,2026-02,18,2418,646,84.4,52.7,35.8,A1,345,339,6,0
L257,fr,2026-03,22,3147,826,91.8,63.8,46.1,A1,487,475,12,0
L258,fr,2024-09,1,179,0,0.0,0.0,0.0,A1,0,0,0,0
L258,fr,2024-10,5,674,254,51.5,20.8,12.7,A1,65,65,0,0
L258,fr,2024-11,8,903,340,60.3,29.2,18.3,A1,103,103,0,0
L258,fr,2025-03,9,1003,399,63.5,31.8,19.6,A1,114,113,1,0
L258,fr,2025-05,11,1377,463,66.2,40.0,24.5,A1,153,152,1,0
L258,fr,2025-09,12,1499,530,66.7,40.3,26.3,A1,173,172,1,0
L258,fr,2025-10,15,1828,608,69.1,43.4,32.0,A1,231,230,1,0
L258,fr,2026-01,18,2153,744,75.3,47.9,36.1,A1,306,304,2,0
L258,fr,2026-02,19,2215,809,77.5,49.8,36.9,A1,331,327,4,0
L258,fr,2026-06,22,2482,952,80.4,58.1,44.3,A1,426,420,6,0
L259,fr,2024-10,6,992,168,63.4,24.0,13.2,A1,88,88,0,0
L259,fr,2024-11,7,1193,300,69.0,28.6,17.0,A1,124,124,0,0
L259,fr,2024-12,8,1280,357,68.6,31.5,21.2,A1,149,149,0,0
L259,fr,2025-02,8,1280,352,67.4,31.2,20.8,A1,147,147,0,0
L259,fr,2025-03,9,1436,393,69.8,35.1,23.3,A1,169,169,0,0
L259,fr,2025-05,9,1436,393,69.8,35.1,23.3,A1,169,169,0,0
L259,fr,2025-09,10,1573,507,70.1,38.1,25.4,A1,200,200,0,0
L259,fr,2025-10,14,2274,735,74.7,50.6,35.2,A1,317,315,2,0
L259,fr,2026-01,16,2404,801,76.9,53.6,37.8,A1,353,350,3,0
L259,fr,2026-06,22,3048,1147,85.3,65.5,50.3,A1,551,546,5,0
L260,fr,2024-10,1,122,0,0.0,0.0,0.0,A1,0,0,0,0
L260,fr,2025-06,4,757,102,41.2,12.4,7.5,A1,49,49,0,0
L260,fr,2026-07,22,1996,976,89.9,56.1,41.8,A1,389,367,22,3
L261,fr,2024-10,1,126,0,0.0,0.0,0.0,A1,0,0,0,0
L261,fr,2024-12,7,831,292,60.9,26.6,18.8,A1,88,88,0,0
L261,fr,2025-01,8,902,328,64.3,31.0,20.5,A1,103,102,1,0
L261,fr,2025-02,10,1057,389,69.4,35.0,22.9,A1,128,126,2,0
L261,fr,2025-06,12,1195,520,73.3,38.0,25.9,A1,155,153,2,0
L261,fr,2025-09,15,1299,903,77.3,43.7,31.2,A1,218,214,4,0
L261,fr,2025-12,18,1481,950,84.4,47.4,34.6,A1,254,247,7,0
L261,fr,2026-02,20,1699,961,84.1,50.8,37.3,A1,289,281,8,0
L261,fr,2026-05,22,1836,1023,82.1,52.0,39.0,A1,319,308,11,0
L262,fr,2025-06,13,2435,640,86.0,54.8,36.1,A1,332,331,1,0
L262,fr,2025-10,18,3099,852,89.4,59.0,41.1,A1,431,430,1,0
L262,fr,2026-03,22,3535,932,92.7,63.8,46.3,A1,516,512,4,0
L263,fr,2025-10,7,813,288,58.3,24.3,14.3,A1,83,82,1,0
L263,fr,2025-11,12,1102,741,76.7,35.7,25.2,A1,176,172,4,0
L263,fr,2026-02,16,1691,780,77.6,45.8,30.8,A1,257,252,5,0
L263,fr,2026-05,19,2022,903,87.1,51.5,35.5,A1,328,323,5,0
L263,fr,2026-06,22,2323,1038,83.3,57.2,42.1,A1,424,418,6,0
L264,nl,2022-05,5,628,79,47.5,12.3,6.8,A1,45,45,0,0
L264,nl,2022-06,11,1602,328,78.9,40.9,23.5,A1,181,172,9,0
L264,nl,2022-10,14,2001,474,85.7,50.0,31.1,A1,254,245,9,0
L264,nl,2022-11,18,2444,594,89.8,60.6,38.7,A1,336,322,14,0
L264,nl,2023-02,20,2739,657,89.8,60.8,40.8,A1,374,355,19,0
L264,nl,2023-03,21,2790,667,90.8,61.0,41.0,A1,381,361,20,0
L264,nl,2023-05,22,2926,707,91.8,62.7,42.3,A1,404,383,21,0
L265,da,2021-03,1,163,0,0.0,0.0,0.0,A1,0,0,0,0
L265,da,2021-04,2,260,0,0.0,0.0,0.0,A1,0,0,0,0
L265,da,2021-06,4,522,121,58.0,16.8,8.4,A1,53,53,0,0
L265,da,2021-07,7,966,246,69.8,30.1,17.1,A1,118,118,0,0
L265,da,2021-08,9,1090,318,76.4,34.9,20.4,A1,145,145,0,0
L265,da,2021-09,12,1322,405,77.8,40.1,26.5,A1,186,185,1,0
L265,da,2021-10,14,1453,452,78.7,43.4,28.4,A1,211,209,2,0
L265,da,2021-11,17,1595,512,81.9,46.9,30.1,A1,237,233,4,0
L265,da,2022-05,19,1674,524,83.0,46.8,30.3,A1,245,238,7,0
L265,da,2022-10,21,1808,570,84.2,49.6,32.5,A1,269,261,8,0
L266,da,2023-07,4,539,23,8.9,4.6,2.3,A1,9,9,0,0
L266,da,2023-08,9,773,88,30.8,14.8,7.4,A1,44,44,0,0
L266,da,2023-09,12,1047,164,45.9,19.1,10.1,A1,72,72,0,0
L266,da,2023-10,14,1287,208,64.8,29.1,15.4,A1,117,114,3,0
L266,da,2023-11,16,1415,232,71.0,32.4,17.2,A1,136,132,4,0
L266,da,2024-02,18,1601,303,74.2,37.8,22.2,A1,169,164,5,0
L266,da,2024-03,21,1876,398,77.9,42.1,26.7,A1,211,201,10,0
L267,en,2018-09,1,281,0,0.0,0.0,0.0,A1,0,0,0,0
L267,en,2018-10,16,2916,1052,84.2,50.1,39.3,A1,466,466,0,0
L267,en,2018-11,21,3154,1135,86.5,55.4,43.7,A1,540,540,0,0
L268,fr,2018-09,3,276,50,23.9,6.0,5.0,A1,13,13,0,0
L268,fr,2018-10,4,379,82,39.2,9.5,6.2,A1,25,25,0,0
L268,fr,2018-11,5,454,115,46.7,13.6,8.2,A1,38,38,0,0
L268,fr,2019-02,6,615,160,60.0,18.8,11.8,A1,57,57,0,0
L268,fr,2019-05,7,707,201,62.3,20.1,12.6,A1,68,68,0,0
L268,fr,2019-07,9,934,314,55.6,22.5,15.2,A1,94,94,0,0
L268,fr,2019-09,10,1063,334,60.2,25.6,17.3,A1,111,110,1,0
L268,fr,2020-01,11,1116,362,62.7,28.7,20.0,A1,123,121,2,0
L268,fr,2020-06,14,1379,540,68.2,37.2,25.9,A1,182,178,4,0
L268,fr,2020-09,15,1493,606,71.8,38.6,28.2,A1,208,201,7,0
L268,fr,2020-11,16,1632,646,72.1,39.0,29.1,A1,229,221,8,0
L268,fr,2021-01,19,2093,737,75.6,46.9,36.2,A1,314,299,15,0
L268,fr,2021-02,20,2163,797,75.8,50.4,38.4,A1,340,325,15,0
L268,fr,2021-09,21,2230,859,76.9,50.9,39.1,A1,360,342,18,0
L269,fr,2019-09,3,769,77,43.2,10.4,6.3,A1,39,39,0,0
L269,fr,2019-10,6,1046,260,67.5,28.6,18.1,A1,103,103,0,0
L269,fr,2019-12,10,1487,411,70.9,39.1,26.9,A1,173,168,5,0
L269,fr,2020-02,11,1566,440,71.2,40.7,28.1,A1,186,181,5,0
L269,fr,2020-04,16,2041,643,73.5,48.8,35.6,A1,282,265,17,0
L269,fr,2020-06,17,2100,674,74.7,50.2,36.7,A1,295,273,22,1
L269,fr,2020-09,19,2257,711,78.6,52.1,37.8,A1,321,297,24,3
L269,fr,2021-02,21,2423,776,83.9,54.4,39.4,A1,362,335,27,3
L270,fr,2019-09,2,264,0,0.0,0.0,0.0,A1,0,0,0,0
L270,fr,2019-10,4,536,73,41.3,11.4,6.2,A1,32,32,0,0
L270,fr,2019-12,7,847,185,64.3,22.9,12.7,A1,79,79,0,0
L270,fr,2020-02,9,971,287,67.6,27.2,15.0,A1,97,97,0,0
L270,fr,2020-04,10,1368,448,72.7,34.9,22.5,A1,160,160,0,0
L270,fr,2020-06,11,1421,443,70.9,34.9,22.3,A1,163,163,0,0
L270,fr,2020-10,12,1461,462,70.9,37.3,23.4,A1,174,174,0,0
L270,fr,2020-11,16,1671,567,74.7,44.7,29.0,A1,232,231,1,0
L270,fr,2021-02,20,2001,707,82.1,50.7,35.7,A1,305,303,2,0
L270,fr,2021-09,21,2059,702,81.8,51.1,35.7,A1,315,312,3,0
L271,fr,2019-09,1,197,0,0.0,0.0,0.0,A1,0,0,0,0
L271,fr,2020-01,4,579,37,23.9,7.5,3.7,A1,23,23,0,0
L271,fr,2020-02,6,647,57,40.3,11.5,5.7,A1,37,37,0,0
L271,fr,2020-03,9,752,104,61.0,18.4,10.4,A1,64,64,0,0
L271,fr,2020-04,10,844,153,62.3,21.0,12.2,A1,77,77,0,0
L271,fr,2020-05,11,862,169,65.8,22.4,13.2,A1,87,86,1,0
L271,fr,2020-06,12,882,168,64.6,22.3,13.2,A1,89,88,1,0
L271,fr,2020-09,13,903,215,64.6,23.0,13.9,A1,96,93,3,0
L271,fr,2020-11,15,948,245,64.6,25.4,15.1,A1,106,104,2,0
L271,fr,2021-02,19,1106,267,72.6,30.3,17.5,A1,128,123,5,0
L271,fr,2021-09,21,1259,333,76.5,32.6,21.6,A1,152,146,6,0
L272,fr,2019-09,2,338,0,0.0,0.0,0.0,A1,0,0,0,0
L272,fr,2019-10,5,1055,213,62.7,26.6,14.9,A1,99,99,0,0
L272,fr,2019-11,9,1327,317,68.1,33.3,20.2,A1,147,147,0,0
L272,fr,2020-01,11,1520,441,72.0,37.6,25.4,A1,194,194,0,0
L272,fr,2020-02,12,1737,550,74.2,45.3,31.3,A1,245,245,0,0
L272,fr,2020-05,14,1810,614,74.5,46.6,33.1,A1,270,270,0,0
L272,fr,2020-09,17,2052,786,76.6,51.9,36.7,A1,332,331,1,0
L272,fr,2021-01,18,2241,920,78.7,56.6,41.4,A1,394,392,2,0
L272,fr,2021-12,20,2317,971,78.9,57.9,42.7,A1,423,419,4,0
L272,fr,2022-02,21,2400,994,80.0,59.7,44.3,A1,445,441,4,0
L273,fr,2019-09,1,275,0,0.0,0.0,0.0,A1,0,0,0,0
L273,fr,2019-10,10,1127,353,70.9,33.2,23.0,A1,136,136,0,0
L273,fr,2020-01,14,1373,420,74.4,37.3,25.1,A1,165,162,3,0
L273,fr,2020-02,15,1459,425,73.5,38.1,25.6,A1,174,171,3,0
L273,fr,2020-04,16,1595,443,74.7,40.2,27.4,A1,189,182,7,0
L273,fr,2020-08,17,1651,455,73.8,41.3,28.6,A1,197,189,8,0
L273,fr,2020-10,20,2290,570,80.9,50.6,34.2,A1,285,271,14,0
L273,fr,2021-02,21,2513,602,80.9,52.2,35.6,A1,317,298,19,1
L274,fr,2020-09,7,379,65,45.6,12.0,6.5,A1,36,36,0,0
L274,fr,2020-11,9,773,116,55.3,18.3,10.9,A1,68,68,0,0
L274,fr,2020-12,16,1026,269,69.8,27.9,17.7,A1,121,120,1,0
L274,fr,2021-02,18,1250,304,75.9,33.4,22.3,A1,152,149,3,0
L274,fr,2021-10,19,1346,326,77.0,35.1,23.3,A1,162,159,3,0
L274,fr,2021-12,21,1562,416,82.8,40.0,27.7,A1,203,199,4,0
L275,fr,2020-09,1,229,0,0.0,0.0,0.0,A1,0,0,0,0
L275,fr,2020-11,3,325,22,22.4,4.5,2.2,A1,14,14,0,0
L275,fr,2020-12,6,476,67,52.8,13.4,6.7,A1,43,43,0,0
L275,fr,2021-02,9,590,123,58.8,17.3,10.3,A1,59,59,0,0
L275,fr,2021-09,13,969,278,80.0,32.4,20.0,A1,125,123,2,0
L275,fr,2021-11,15,1024,309,81.2,34.2,20.7,A1,134,132,2,0
L275,fr,2022-02,21,1431,465,82.8,40.0,26.1,A1,194,191,3,0
L276,fr,2020-09,3,452,29,28.6,5.7,2.9,A1,18,18,0,0
L276,fr,2020-11,5,748,93,51.2,15.7,9.3,A1,57,57,0,0
L276,fr,2021-03,8,984,189,66.3,25.5,14.9,A1,97,97,0,0
L276,fr,2021-04,10,1296,262,69.9,32.2,19.0,A1,140,138,2,0
L276,fr,2021-06,12,1478,394,76.3,39.1,23.9,A1,187,183,4,0
L276,fr,2021-10,13,1646,494,77.4,42.6,28.6,A1,226,221,5,0
L276,fr,2021-12,15,1758,698,78.5,47.9,34.6,A1,289,280,9,2
L276,fr,2022-02,17,1921,791,81.9,49.7,38.1,A1,334,322,12,1
L276,fr,2022-06,18,2040,824,83.0,51.4,40.5,A1,359,346,13,1
L276,fr,2022-10,19,2128,837,83.0,53.7,42.1,A1,377,362,15,3
L276,fr,2022-12,20,2227,896,84.0,55.6,44.3,A1,405,387,18,4
L276,fr,2023-02,21,2391,933,84.0,56.5,45.5,A1,428,409,19,4
L277,fr,2020-09,3,215,47,22.6,9.5,4.7,A1,15,15,0,0
L277,fr,2020-11,5,809,133,53.3,19.5,11.6,A1,63,63,0,0
L277,fr,2020-12,6,1036,226,60.5,24.8,15.0,A1,94,94,0,0
L277,fr,2021-03,11,1973,632,78.5,46.3,32.1,A1,279,278,1,0
L277,fr,2021-06,14,2942,790,79.8,49.6,36.3,A1,388,376,12,0
L277,fr,2021-12,17,3584,985,81.1,60.3,45.0,A1,530,506,24,0
L277,fr,2022-11,19,3785,1100,85.3,65.0,49.1,A1,602,569,33,1
L277,fr,2022-12,20,3902,1151,87.4,66.5,50.7,A1,637,598,39,2
L277,fr,2023-01,21,3980,1194,87.4,67.5,52.0,A1,662,622,40,2
L278,fr,2020-09,1,65,0,0.0,0.0,0.0,A1,0,0,0,0
L278,fr,2020-10,2,150,0,0.0,0.0,0.0,A1,0,0,0,0
L278,fr,2020-12,3,355,20,16.7,4.0,2.0,A1,10,10,0,0
L278,fr,2021-02,4,569,34,29.4,6.7,3.4,A1,22,22,0,0
L278,fr,2021-06,6,664,75,56.9,13.2,7.5,A1,46,46,0,0
L278,fr,2021-09,7,813,99,66.7,16.9,9.1,A1,60,60,0,0
L278,fr,2021-10,10,1426,223,71.2,28.5,16.4,A1,114,113,1,0
L278,fr,2021-12,11,1498,237,67.5,29.0,17.5,A1,125,124,1,0
L278,fr,2022-03,12,1633,309,67.0,32.5,20.0,A1,155,149,6,0
L278,fr,2022-10,13,1729,365,73.0,34.0,21.1,A1,174,164,10,0
L278,fr,2022-12,15,2018,468,75.5,41.9,27.2,A1,240,226,14,0
L278,fr,2023-02,18,2405,636,82.1,51.1,34.1,A1,327,307,20,1
L278,fr,2023-06,21,2605,770,83.2,55.6,39.0,A1,388,366,22,1
L279,fr,2020-09,3,532,64,33.8,8.4,4.2,A1,29,29,0,0
L279,fr,2020-10,4,746,134,52.1,15.6,9.5,A1,57,57,0,0
L279,fr,2020-11,7,1230,281,63.7,29.4,17.6,A1,116,116,0,0
L279,fr,2020-12,8,1371,325,71.6,33.3,21.0,A1,140,140,0,0
L279,fr,2021-02,9,1389,347,71.6,33.8,21.4,A1,147,147,0,0
L279,fr,2021-09,10,1487,382,71.6,33.9,21.9,A1,157,157,0,0
L279,fr,2021-10,11,1654,441,77.4,39.5,25.5,A1,194,194,0,0
L279,fr,2021-12,14,1988,666,78.8,50.1,35.4,A1,292,290,2,0
L279,fr,2022-03,16,2268,864,81.4,55.7,40.3,A1,372,368,4,0
L279,fr,2022-06,20,2687,978,84.8,59.7,45.0,A1,469,463,6,1
L279,fr,2023-01,21,2762,990,85.9,60.9,46.1,A1,484,478,6,1
L279,fr,2023-02,21,2762,986,85.9,60.6,46.0,A1,482,475,7,1
L280,fr,2021-09,1,231,0,0.0,0.0,0.0,A1,0,0,0,0
L280,fr,2021-10,5,951,152,57.1,19.4,11.0,A1,72,72,0,0
L280,fr,2021-12,8,1514,323,73.5,36.9,22.4,A1,159,159,0,0
L280,fr,2022-03,10,1703,384,76.2,39.6,25.3,A1,190,190,0,0
L280,fr,2022-10,12,1917,502,77.9,46.2,29.3,A1,237,236,1,0
L280,fr,2022-12,16,2067,519,76.9,46.5,30.7,A1,256,255,1,0
L280,fr,2023-04,19,2301,643,79.1,49.6,34.9,A1,312,307,5,0
L280,fr,2023-10,21,2671,677,81.3,51.6,37.4,A1,349,333,16,1
L281,fr,2021-09,3,415,53,41.0,8.8,4.4,A1,27,27,0,0
L281,fr,2021-10,4,596,82,56.7,15.1,7.6,A1,46,46,0,0
L281,fr,2021-11,5,865,123,55.7,18.9,9.5,A1,66,66,0,0
L281,fr,2021-12,5,865,123,55.7,18.9,9.5,A1,66,66,0,0
L281,fr,2022-01,5,865,122,54.4,18.7,9.3,A1,65,65,0,0
L281,fr,2022-02,6,926,168,62.0,22.5,12.3,A1,81,81,0,0
L281,fr,2022-04,7,1021,231,67.1,27.4,16.0,A1,103,103,0,0
L281,fr,2022-06,8,1173,259,66.7,31.1,18.5,A1,127,126,1,0
L281,fr,2022-09,10,1709,371,73.0,35.9,22.3,A1,181,178,3,0
L281,fr,2023-08,11,2073,447,82.2,44.7,28.1,A1,241,238,3,0
L281,fr,2023-09,17,3201,887,88.0,59.7,43.9,A1,473,465,8,0
L281,fr,2023-10,20,3364,939,92.4,62.0,46.2,A1,518,510,8,0
L281,fr,2024-02,21,3424,963,92.5,63.4,47.2,A1,537,528,9,0
L282,fr,2021-09,2,492,0,0.0,0.0,0.0,A1,0,0,0,0
L282,fr,2021-10,3,631,80,35.8,11.4,5.7,A1,32,32,0,0
L282,fr,2021-11,5,816,146,58.3,19.6,11.1,A1,65,65,0,0
L282,fr,2021-12,6,936,198,63.5,25.0,14.6,A1,86,86,0,0
L282,fr,2022-02,11,1548,484,76.2,37.5,24.8,A1,188,188,0,0
L282,fr,2022-03,12,1863,529,77.0,39.1,26.9,A1,231,230,1,0
L282,fr,2022-10,14,2005,626,78.9,42.4,28.3,A1,266,263,3,0
L282,fr,2022-11,16,2173,690,78.0,46.2,31.9,A1,303,299,4,0
L282,fr,2022-12,17,2336,702,77.2,48.9,34.1,A1,323,318,5,0
L282,fr,2023-02,18,2394,752,78.3,51.6,35.9,A1,346,340,6,0
L282,fr,2023-03,20,2702,915,85.3,58.0,40.5,A1,434,426,8,0
L282,fr,2024-01,21,3000,990,89.5,61.0,43.2,A1,490,479,11,0
L283,fr,2021-09,1,322,0,0.0,0.0,0.0,A1,0,0,0,0
L283,fr,2021-11,8,841,197,73.5,24.5,14.7,A1,98,98,0,0
L283,fr,2021-12,9,875,226,74.7,24.4,14.5,A1,101,101,0,0
L283,fr,2022-01,12,1051,280,80.0,33.1,20.0,A1,141,140,1,0
L283,fr,2022-03,13,1162,319,78.7,36.6,22.5,A1,163,162,1,0
L283,fr,2022-04,14,1412,344,83.1,42.5,26.1,A1,196,195,1,0
L283,fr,2022-06,16,1520,384,84.8,45.1,28.0,A1,215,213,2,0
L283,fr,2022-10,18,1655,436,84.8,45.3,29.3,A1,233,231,2,0
L283,fr,2022-11,20,1927,529,84.9,47.6,31.8,A1,273,269,4,0
L283,fr,2023-01,21,2038,582,86.0,50.0,33.9,A1,297,293,4,0
L284,fr,2024-09,1,566,0,0.0,0.0,0.0,A1,0,0,0,0
L284,fr,2024-10,8,1465,397,64.7,32.3,21.2,A1,152,152,0,0
L284,fr,2024-12,9,1514,394,64.7,33.4,21.6,A1,156,156,0,0
L284,fr,2025-04,12,1844,556,72.1,41.4,26.6,A1,222,218,4,0
L284,fr,2025-06,14,1985,648,73.3,44.9,29.5,A1,261,254,7,0
L284,fr,2025-10,17,2090,802,77.9,47.4,32.2,A1,307,295,12,0
L284,fr,2026-01,18,2199,855,77.0,48.1,34.4,A1,337,325,12,0
L284,fr,2026-04,20,2335,940,78.4,50.2,36.5,A1,377,357,20,0
L284,fr,2026-06,21,2390,1006,78.4,51.6,38.1,A1,400,377,23,1
L285,fr,2024-09,1,857,0,0.0,0.0,0.0,A1,0,0,0,0
L285,fr,2024-10,4,1990,482,72.3,41.7,28.1,A1,226,226,0,0
L285,fr,2024-11,7,2454,743,80.0,51.2,36.6,A1,348,346,2,0
L285,fr,2025-02,9,2904,979,83.7,59.6,44.1,A1,467,463,4,0
L285,fr,2025-03,10,3128,1162,88.6,64.7,49.0,A1,557,550,7,0
L285,fr,2025-04,12,3312,1252,88.6,66.4,51.3,A1,608,599,9,0
L285,fr,2025-05,14,3480,1336,89.8,67.6,52.8,A1,656,646,10,0
L285,fr,2025-11,15,3591,1386,90.9,68.3,54.5,A1,688,678,10,0
L285,fr,2026-01,17,3807,1437,89.0,72.2,58.2,A1,747,736,11,0
L285,fr,2026-02,19,3941,1496,89.0,73.5,60.0,A1,792,779,13,0
L285,fr,2026-03,20,4023,1599,90.1,74.4,61.7,A2,836,823,13,0
L285,fr,2026-06,21,4131,1626,90.1,75.3,63.2,A2,861,844,17,0
L286,fr,2024-10,2,271,0,0.0,0.0,0.0,A1,0,0,0,0
L286,fr,2024-11,6,1073,240,57.5,22.3,13.0,A1,93,93,0,0
L286,fr,2024-12,8,1227,311,63.0,28.9,17.6,A1,124,124,0,0
L286,fr,2025-02,10,1435,384,67.5,33.5,21.6,A1,161,160,1,0
L286,fr,2025-03,13,1599,461,69.0,36.1,23.8,A1,190,188,2,0
L286,fr,2025-04,15,1733,503,69.0,38.3,25.9,A1,212,210,2,0
L286,fr,2025-05,16,1822,551,69.0,39.4,27.6,A1,228,226,2,0
L286,fr,2025-10,17,1882,592,71.6,41.0,29.5,A1,248,244,4,0
L286,fr,2025-11,18,1883,651,71.6,41.9,31.1,A1,261,257,4,0
L286,fr,2026-01,19,1946,670,72.5,43.8,31.9,A1,276,271,5,0
L286,fr,2026-02,20,2058,740,73.9,44.9,34.8,A1,304,298,6,0
L286,fr,2026-05,21,2159,768,74.2,47.1,36.1,A1,323,315,8,0
L287,fr,2024-10,1,126,0,0.0,0.0,0.0,A1,0,0,0,0
L287,fr,2025-06,7,1091,290,59.0,27.4,16.0,A1,109,109,0,0
L287,fr,2025-11,10,1184,330,67.9,31.8,18.3,A1,128,128,0,0
L287,fr,2026-03,13,1621,531,68.7,37.8,27.3,A1,209,209,0,0
L287,fr,2026-05,17,1928,632,73.8,43.9,31.7,A1,271,270,1,0
L287,fr,2026-06,21,2251,798,74.2,47.2,36.1,A1,346,344,2,0
L288,fr,2024-10,3,480,30,17.2,6.0,3.0,A1,14,14,0,0
L288,fr,2024-11,4,619,63,32.8,10.8,6.3,A1,30,30,0,0
L288,fr,2025-01,5,1042,124,50.7,17.3,9.9,A1,61,61,0,0
L288,fr,2025-06,6,1128,172,54.7,20.8,11.6,A1,75,75,0,0
L288,fr,2025-10,8,1327,273,67.5,27.3,16.0,A1,112,111,1,0
L288,fr,2025-11,10,1492,340,71.8,29.7,17.7,A1,135,133,2,0
L288,fr,2026-02,13,1829,400,74.1,37.0,23.0,A1,187,184,3,0
L288,fr,2026-03,17,2320,588,84.0,45.4,29.3,A1,270,258,12,0
L288,fr,2026-06,21,2638,687,85.5,49.6,33.6,A1,330,314,16,1
L289,fr,2025-04,4,937,112,58.2,15.6,8.2,A1,52,52,0,0
L289,fr,2026-02,9,1882,444,73.9,35.9,25.2,A1,206,202,4,0
L289,fr,2026-04,17,2933,948,87.1,62.0,45.3,A1,485,472,13,1
L289,fr,2026-06,21,3231,1037,87.1,64.0,47.8,A1,551,532,19,2
L290,fr,2025-10,7,1402,318,75.0,29.9,18.0,A1,140,140,0,0
L290,fr,2025-11,12,2326,571,75.3,45.4,29.7,A1,269,263,6,0
L290,fr,2026-01,17,2900,930,79.6,57.6,43.5,A1,450,436,14,0
L290,fr,2026-06,21,3309,1043,80.9,61.2,47.5,A1,536,519,17,0
L291,da,2020-04,16,1279,453,88.5,51.0,31.7,A1,231,231,0,0
L291,da,2020-05,18,1894,484,90.7,57.9,36.0,A1,306,306,0,0
L291,da,2023-10,20,2004,503,91.8,58.8,37.0,A1,319,319,0,0
L292,da,2020-04,3,269,78,40.3,10.6,7.8,A1,38,38,0,0
L292,da,2020-05,20,1237,536,84.5,53.9,35.9,A1,254,253,1,0
L293,de,2021-01,1,204,0,0.0,0.0,0.0,A1,0,0,0,0
L293,de,2021-02,4,687,98,43.4,13.5,7.2,A1,50,50,0,0
L293,de,2021-03,20,2417,709,89.0,55.3,38.9,A1,315,302,13,1
L294,de,2021-01,4,465,55,46.3,11.0,5.5,A1,33,33,0,0
L294,de,2021-02,11,1314,318,76.8,32.0,17.8,A1,122,122,0,0
L294,de,2021-03,18,2012,533,82.8,46.9,30.5,A1,213,213,0,0
L294,de,2021-04,20,2089,558,83.9,48.0,31.1,A1,221,221,0,0
L295,de,2021-03,1,310,0,0.0,0.0,0.0,A1,0,0,0,0
L295,de,2021-04,20,2207,507,84.4,46.7,29.8,A1,224,216,8,0
L296,de,2024-03,1,281,0,0.0,0.0,0.0,A1,0,0,0,0
L296,de,2024-04,5,1164,173,61.4,23.6,14.3,A1,92,92,0,0
L296,de,2024-05,6,1334,224,75.0,28.7,17.4,A1,116,113,3,0
L296,de,2026-01,8,1417,232,74.4,32.0,18.7,A1,128,125,3,0
L296,de,2026-02,19,2591,499,79.4,47.4,32.4,A1,261,254,7,0
L296,de,2026-03,20,2659,536,79.4,48.6,33.8,A1,273,266,7,0
L297,en,2019-02,3,707,52,26.2,7.5,4.4,A1,29,29,0,0
L297,en,2019-03,11,1576,640,75.6,40.4,28.4,A1,247,247,0,0
L297,en,2019-05,14,1684,761,77.2,42.9,31.8,A1,291,291,0,0
L297,en,2019-06,20,2086,1109,88.3,52.4,40.1,A1,435,434,1,0
L298,en,2019-09,3,879,62,35.8,10.8,5.4,A1,34,34,0,0
L298,en,2019-10,6,1627,296,61.4,32.5,20.0,A1,151,151,0,0
L298,en,2020-01,20,3523,1401,95.8,72.8,56.3,A1,781,781,0,0
L299,en,2020-02,3,615,42,22.4,5.7,4.2,A1,19,19,0,0
L299,en,2020-03,12,1471,626,78.9,44.7,30.4,A1,245,245,0,0
L299,en,2020-04,14,1567,761,79.1,48.3,34.2,A1,287,287,0,0
L299,en,2020-05,18,1848,962,84.6,53.8,40.1,A1,379,379,0,0
L299,en,2020-06,20,1958,1053,84.6,54.8,41.3,A1,409,409,0,0
L300,fr,2019-09,1,143,0,0.0,0.0,0.0,A1,0,0,0,0
L300,fr,2019-10,3,376,14,11.1,2.9,1.4,A1,7,7,0,0
L300,fr,2019-12,4,422,28,21.7,5.5,2.8,A1,15,15,0,0
L300,fr,2020-03,5,507,50,28.6,7.9,4.0,A1,24,24,0,0
L300,fr,2020-05,6,616,63,34.2,8.6,4.3,A1,30,30,0,0
L300,fr,2020-06,10,953,167,50.6,18.5,11.0,A1,75,74,1,0
L300,fr,2020-09,11,997,169,51.2,19.4,11.4,A1,79,78,1,0
L300,fr,2020-11,13,1265,222,56.8,26.3,15.6,A1,108,106,2,0
L300,fr,2021-01,18,2066,496,74.2,38.0,25.9,A1,218,207,11,0
L300,fr,2021-04,20,2445,619,80.0,46.5,33.9,A1,303,285,18,0
L301,fr,2019-09,2,134,0,0.0,0.0,0.0,A1,0,0,0,0
L301,fr,2019-10,4,295,68,35.3,13.6,6.8,A1,24,24,0,0
L301,fr,2019-12,6,630,93,53.0,16.6,8.3,A1,46,46,0,0
L301,fr,2020-01,6,630,92,51.5,16.3,8.2,A1,45,45,0,0
L301,fr,2020-03,7,855,140,59.7,20.6,10.3,A1,66,66,0,0
L301,fr,2020-05,8,1078,177,63.0,25.3,13.0,A1,84,84,0,0
L301,fr,2020-09,9,1205,244,66.7,31.1,16.6,A1,117,116,1,0
L301,fr,2020-10,11,1448,325,72.4,37.0,21.6,A1,158,156,2,0
L301,fr,2020-11,15,2067,543,87.2,48.1,29.9,A1,283,280,3,0
L301,fr,2021-01,20,2393,676,88.4,55.5,36.5,A1,361,345,16,1
L302,fr,2019-09,7,1099,202,67.8,26.7,15.6,A1,105,104,1,0
L302,fr,2019-10,11,1534,472,80.9,43.0,27.6,A1,214,213,1,0
L302,fr,2019-12,13,1690,542,79.6,46.1,29.5,A1,242,241,1,0
L302,fr,2020-02,14,1840,537,79.8,47.2,30.0,A1,256,255,1,0
L302,fr,2020-03,15,2062,641,84.0,50.8,33.7,A1,304,302,2,0
L302,fr,2020-06,16,2182,675,84.2,53.9,35.3,A1,328,325,3,0
L302,fr,2020-09,18,2441,781,87.5,58.4,40.4,A1,393,389,4,0
L302,fr,2020-10,19,2514,805,87.5,58.6,40.4,A1,404,400,4,0
L302,fr,2021-02,20,2697,879,88.5,59.0,41.8,A1,442,438,4,0
L303,fr,2019-10,4,736,200,27.5,10.2,8.6,A1,45,45,0,0
L303,fr,2019-12,6,1049,451,60.5,24.9,19.3,A1,121,121,0,0
L303,fr,2020-02,9,1242,539,67.5,31.6,25.7,A1,168,166,2,0
L303,fr,2020-05,10,1362,599,70.9,35.4,27.9,A1,199,197,2,0
L303,fr,2020-06,11,1499,653,73.8,37.0,28.6,A1,229,226,3,0
L303,fr,2020-10,17,2282,882,80.0,47.0,37.5,A1,362,354,8,0
L303,fr,2020-12,20,2567,979,88.9,53.2,41.3,A1,428,416,12,0
L304,fr,2020-09,5,733,110,41.8,16.2,8.1,A1,52,52,0,0
L304,fr,2020-10,6,886,150,57.5,22.0,11.5,A1,77,77,0,0
L304,fr,2020-11,8,1013,199,69.1,25.9,14.3,A1,97,97,0,0
L304,fr,2021-01,10,1241,342,74.1,31.4,17.8,A1,135,135,0,0
L304,fr,2021-02,11,1325,399,76.7,34.7,20.1,A1,158,156,2,0
L304,fr,2021-09,12,1374,404,76.1,34.4,20.1,A1,163,160,3,0
L304,fr,2021-11,18,1846,537,80.9,46.9,28.7,A1,250,237,13,0
L304,fr,2022-02,20,2041,625,82.0,50.0,31.9,A1,293,278,15,0
L305,fr,2020-09,3,789,52,41.0,9.5,5.2,A1,28,28,0,0
L305,fr,2020-12,4,964,86,58.1,14.1,7.4,A1,52,52,0,0
L305,fr,2021-02,5,1078,129,59.8,17.2,9.9,A1,70,70,0,0
L305,fr,2021-04,6,1180,152,63.4,21.2,12.2,A1,84,84,0,0
L305,fr,2021-09,8,1393,213,61.9,24.7,14.9,A1,106,106,0,0
L305,fr,2021-12,13,2091,431,82.0,44.7,29.3,A1,231,228,3,0
L305,fr,2022-02,17,2468,648,81.3,52.0,36.8,A1,323,319,4,0
L305,fr,2022-04,18,2569,667,82.4,53.6,37.9,A1,341,337,4,0
L305,fr,2022-06,20,2720,716,84.9,56.1,40.8,A1,377,370,7,0
L306,fr,2020-09,6,647,123,53.8,15.9,8.8,A1,58,58,0,0
L306,fr,2020-10,7,707,133,56.8,17.1,9.3,A1,65,65,0,0
L306,fr,2020-12,8,1218,170,65.5,23.9,13.2,A1,93,93,0,0
L306,fr,2021-02,10,1395,202,64.1,25.3,14.5,A1,111,110,1,0
L306,fr,2021-10,12,1713,305,76.1,33.2,20.8,A1,166,163,3,0
L306,fr,2021-12,14,1948,423,78.3,40.3,26.6,A1,222,216,6,0
L306,fr,2022-04,15,2143,451,81.5,43.3,29.0,A1,250,243,7,0
L306,fr,2022-10,16,2225,471,83.7,46.4,30.9,A1,269,259,10,0
L306,fr,2022-12,17,2293,479,82.8,45.9,31.1,A1,275,264,11,1
L306,fr,2023-03,19,2426,505,84.9,47.9,32.4,A1,294,283,11,1
L306,fr,2023-06,20,2655,588,87.1,52.8,35.8,A1,338,323,15,2
L307,fr,2020-09,3,1284,47,14.3,8.2,4.1,A1,24,24,0,0
L307,fr,2020-11,4,1336,58,23.3,10.5,5.3,A1,33,33,0,0
L307,fr,2021-02,7,1654,168,42.9,23.7,13.6,A1,93,93,0,0
L307,fr,2021-04,10,1865,298,60.5,33.8,20.2,A1,150,146,4,0
L307,fr,2021-10,12,2016,331,62.1,35.3,21.5,A1,169,163,6,0
L307,fr,2021-12,15,2213,417,67.8,40.5,26.1,A1,214,202,12,1
L307,fr,2022-02,17,2342,477,72.4,41.9,27.3,A1,241,225,16,2
L307,fr,2022-06,20,2537,568,71.6,46.2,31.8,A1,287,268,19,2
L308,fr,2020-09,10,1719,303,69.2,34.2,21.2,A1,164,164,0,0
L308,fr,2020-11,12,2096,465,76.8,40.3,28.0,A1,243,242,1,0
L308,fr,2021-03,13,2229,540,78.9,43.6,31.4,A1,280,277,3,1
L308,fr,2021-04,15,2446,655,83.3,49.1,35.8,A1,345,337,8,0
L308,fr,2021-10,16,2526,680,83.3,49.7,36.1,A1,358,350,8,0
L308,fr,2021-12,17,2854,812,83.3,54.4,40.7,A1,431,419,12,0
L308,fr,2022-03,18,3106,894,85.4,57.5,43.9,A1,482,465,17,0
L308,fr,2022-12,20,3220,967,84.5,60.0,46.1,A1,521,502,19,0
L309,fr,2020-09,2,243,0,0.0,0.0,0.0,A1,0,0,0,0
L309,fr,2020-12,4,366,36,36.4,7.3,3.6,A1,24,24,0,0
L309,fr,2021-03,7,674,126,61.6,17.9,9.0,A1,61,61,0,0
L309,fr,2021-10,9,880,186,67.1,25.2,14.4,A1,90,90,0,0
L309,fr,2021-12,12,1302,447,77.2,36.0,23.7,A1,167,166,1,0
L309,fr,2022-02,15,1781,590,77.5,44.6,31.0,A1,256,256,0,0
L309,fr,2022-03,17,1944,709,81.1,47.3,33.8,A1,306,302,4,0
L309,fr,2022-04,19,2180,848,84.6,51.2,37.9,A1,372,365,7,1
L309,fr,2022-12,20,2237,862,84.6,51.7,38.5,A1,383,375,8,1
L310,fr,2021-09,2,310,0,0.0,0.0,0.0,A1,0,0,0,0
L310,fr,2021-10,3,444,55,38.8,11.0,5.5,A1,29,29,0,0
L310,fr,2021-11,4,571,95,47.2,15.6,7.8,A1,45,45,0,0
L310,fr,2022-02,6,790,216,61.4,23.3,13.1,A1,87,86,1,0
L310,fr,2022-05,6,790,216,61.4,23.3,13.1,A1,87,86,1,0
L310,fr,2022-10,7,1119,268,69.0,27.6,16.7,A1,116,113,3,0
L310,fr,2023-04,11,1743,390,77.9,38.7,24.8,A1,199,193,6,1
L310,fr,2023-10,13,1983,474,82.1,44.8,29.8,A1,246,238,8,1
L310,fr,2024-01,16,2173,556,85.3,49.4,33.1,A1,288,279,9,2
L310,fr,2024-02,20,2477,700,87.4,55.2,39.0,A1,367,352,15,2
L311,fr,2022-09,2,357,0,0.0,0.0,0.0,A1,0,0,0,0
L311,fr,2022-10,3,508,54,39.0,8.7,5.4,A1,25,25,0,0
L311,fr,2022-11,7,1363,219,74.7,32.3,19.9,A1,118,118,0,0
L311,fr,2024-10,10,1553,293,69.5,35.5,23.1,A1,143,143,0,0
L311,fr,2025-01,15,2016,500,74.1,45.2,31.2,A1,235,235,0,0
L311,fr,2025-03,20,2397,737,73.3,51.6,39.1,A1,345,345,0,0
L312,fr,2022-09,1,154,0,0.0,0.0,0.0,A1,0,0,0,0
L312,fr,2022-10,2,305,0,0.0,0.0,0.0,A1,0,0,0,0
L312,fr,2022-11,3,412,22,18.4,4.4,2.2,A1,10,10,0,0
L312,fr,2022-12,7,808,226,61.4,21.4,12.8,A1,77,76,1,0
L312,fr,2023-01,9,954,274,64.9,27.2,16.4,A1,106,105,1,0
L312,fr,2023-02,10,1030,279,66.7,29.0,17.6,A1,114,113,1,0
L312,fr,2025-01,15,2036,603,80.0,50.6,33.3,A1,276,273,3,0
L312,fr,2025-03,20,2513,829,80.0,53.0,37.9,A1,386,375,11,1
L313,fr,2022-09,1,149,0,0.0,0.0,0.0,A1,0,0,0,0
L313,fr,2022-10,2,348,0,0.0,0.0,0.0,A1,0,0,0,0
L313,fr,2022-11,4,608,77,47.8,14.3,7.1,A1,45,45,0,0
L313,fr,2022-12,6,763,138,57.3,25.5,13.4,A1,81,81,0,0
L313,fr,2023-02,8,836,197,61.3,31.2,17.7,A1,106,105,1,0
L313,fr,2023-03,9,937,220,67.5,35.5,20.3,A1,125,122,3,0
L313,fr,2023-04,10,1040,240,67.1,36.3,20.8,A1,132,129,3,0
L313,fr,2023-05,11,1250,264,68.8,38.1,22.3,A1,148,142,6,1
L313,fr,2023-11,13,1388,291,67.9,38.6,23.8,A1,165,158,7,1
L313,fr,2023-12,14,1521,307,72.6,41.5,25.6,A1,182,175,7,1
L313,fr,2024-01,15,1612,361,76.2,46.8,29.1,A1,211,203,8,1
L313,fr,2024-03,16,1742,432,76.2,49.0,30.5,A1,235,225,10,1
L313,fr,2024-04,17,1853,491,77.6,50.8,33.5,A1,263,253,10,1
L313,fr,2024-09,18,1992,542,80.2,53.0,35.6,A1,290,277,13,1
L313,fr,2024-10,19,2122,565,80.5,53.5,37.7,A1,312,298,14,1
L313,fr,2025-03,20,2273,623,81.6,54.0,39.1,A1,338,323,15,1
L314,fr,2023-10,2,482,0,0.0,0.0,0.0,A1,0,0,0,0
L314,fr,2023-11,2,482,0,0.0,0.0,0.0,A1,0,0,0,0
L314,fr,2024-03,3,673,67,33.3,7.2,4.7,A1,27,27,0,0
L314,fr,2024-04,4,1149,131,46.8,17.2,10.7,A1,67,67,0,0
L314,fr,2024-09,5,1223,215,57.0,24.4,16.0,A1,102,102,0,0
L314,fr,2024-11,7,1488,338,64.3,31.5,21.9,A1,152,152,0,0
L314,fr,2025-03,8,1681,404,65.9,36.1,23.9,A1,179,179,0,0
L314,fr,2025-06,9,1770,437,64.7,37.3,25.2,A1,194,194,0,0
L314,fr,2025-10,16,2831,831,80.6,56.7,41.8,A1,436,420,16,2
L314,fr,2026-03,20,3446,1012,80.9,65.1,49.4,A1,572,536,36,1
L315,fr,2024-09,3,470,28,21.5,5.6,2.8,A1,16,16,0,0
L315,fr,2024-10,4,882,95,49.3,15.3,8.2,A1,49,49,0,0
L315,fr,2025-04,14,1869,580,74.1,42.1,30.9,A1,236,229,7,0
L315,fr,2025-06,17,2649,783,78.0,53.6,39.6,A1,375,362,13,0
L315,fr,2026-05,20,2824,864,81.5,57.8,41.9,A1,426,410,16,0
L315,fr,2026-06,20,2824,864,81.5,57.8,41.9,A1,426,410,16,1
L316,fr,2024-10,3,607,50,37.3,10.1,5.0,A1,29,29,0,0
L316,fr,2024-11,5,1230,253,62.2,22.7,13.6,A1,97,97,0,0
L316,fr,2025-01,7,1486,348,66.7,28.4,18.1,A1,134,133,1,0
L316,fr,2025-03,10,1951,572,75.9,42.5,28.7,A1,236,232,4,0
L316,fr,2025-05,11,2306,705,79.7,45.5,33.0,A1,299,294,5,0
L316,fr,2025-10,14,2640,871,81.0,50.8,39.1,A1,391,384,7,0
L316,fr,2025-12,17,2958,1097,83.3,58.2,45.3,A1,504,492,12,0
L316,fr,2026-02,18,3067,1143,85.2,60.8,47.3,A1,542,528,14,0
L316,fr,2026-06,20,3390,1213,87.0,65.0,50.8,A1,615,596,19,0
L317,fr,2024-10,1,126,0,0.0,0.0,0.0,A1,0,0,0,0
L317,fr,2024-11,5,883,159,64.7,23.8,13.3,A1,74,74,0,0
L317,fr,2025-04,6,970,221,67.6,27.9,15.8,A1,93,93,0,0
L317,fr,2025-05,7,1049,236,68.4,29.4,16.7,A1,106,106,0,0
L317,fr,2025-06,8,1118,310,70.1,32.0,18.6,A1,123,123,0,0
L317,fr,2025-10,12,1606,522,75.9,37.8,25.9,A1,197,197,0,0
L317,fr,2025-12,13,1697,575,75.9,39.0,27.8,A1,213,213,0,0
L317,fr,2026-02,16,2026,773,81.2,47.7,34.4,A1,296,294,2,0
L317,fr,2026-06,20,2356,1006,80.7,54.6,39.8,A1,392,384,8,1
L318,fr,2024-11,1,459,0,0.0,0.0,0.0,A1,0,0,0,0
L318,fr,2024-12,5,1050,176,55.7,22.8,13.4,A1,83,83,0,0
L318,fr,2025-01,6,1169,284,65.0,30.8,18.3,A1,119,119,0,0
L318,fr,2025-03,9,1690,483,77.4,41.5,26.1,A1,204,203,1,0
L318,fr,2025-06,13,2018,668,83.5,46.6,30.6,A1,278,273,5,0
L318,fr,2025-09,14,2091,701,83.5,47.6,31.9,A1,291,286,5,0
L318,fr,2025-10,19,2529,890,82.6,55.4,38.3,A1,406,401,5,0
L318,fr,2025-12,20,2602,916,84.8,56.8,39.8,A1,424,418,6,0
L319,fr,2025-09,1,182,0,0.0,0.0,0.0,A1,0,0,0,0
L319,fr,2025-10,6,1104,232,68.7,24.8,15.8,A1,91,91,0,0
L319,fr,2026-01,10,1576,422,70.9,32.4,21.6,A1,166,166,0,0
L319,fr,2026-02,16,2014,712,76.8,46.0,33.7,A1,289,284,5,0
L319,fr,2026-05,20,2287,883,76.5,52.0,39.0,A1,373,364,9,0
L320,fr,2025-09,1,185,0,0.0,0.0,0.0,A1,0,0,0,0
L320,fr,2025-10,6,1133,97,40.7,14.6,7.7,A1,59,59,0,0
L320,fr,2026-01,8,1279,143,51.6,18.4,9.8,A1,85,84,1,0
L320,fr,2026-02,11,1545,234,63.2,25.6,16.0,A1,133,130,3,0
L320,fr,2026-03,16,2032,466,72.6,36.5,24.8,A1,229,221,8,1
L320,fr,2026-06,20,2366,570,77.9,43.4,29.0,A1,294,281,13,2
L321,fr,2025-09,1,244,0,0.0,0.0,0.0,A1,0,0,0,0
L321,fr,2025-10,4,763,82,46.2,12.7,7.3,A1,40,40,0,0
L321,fr,2025-11,7,1049,262,67.6,27.6,18.5,A1,101,101,0,0
L321,fr,2026-02,11,1363,417,67.5,36.9,23.8,A1,155,155,0,0
L321,fr,2026-03,16,1888,581,72.4,45.6,31.5,A1,250,246,4,0
L321,fr,2026-06,20,2238,777,77.3,50.7,38.1,A1,340,336,4,0
L322,fr,2025-10,9,1143,605,79.0,35.8,25.1,A1,146,146,0,0
L322,fr,2026-01,11,1383,684,73.2,39.8,27.4,A1,191,190,1,0
L322,fr,2026-03,16,1991,913,71.6,49.5,38.2,A1,336,335,1,0
L322,fr,2026-05,20,2249,1021,74.4,53.9,42.9,A1,406,405,1,0
L323,nl,2018-03,10,1105,152,64.8,25.9,13.9,A1,94,94,0,0
L323,nl,2018-04,18,1956,465,81.4,47.7,29.5,A1,242,242,0,0
L323,nl,2018-05,20,2048,493,83.8,50.8,31.5,A1,266,266,0,0
L324,nl,2021-08,1,101,0,0.0,0.0,0.0,A1,0,0,0,0
L324,nl,2021-09,5,1514,270,58.0,28.0,18.4,A1,120,120,0,0
L324,nl,2022-02,7,1672,324,61.6,30.4,19.5,A1,143,143,0,0
L324,nl,2022-03,9,1752,405,65.1,33.0,22.1,A1,166,164,2,0
L324,nl,2022-04,10,1861,414,72.4,37.4,24.0,A1,186,184,2,0
L324,nl,2022-05,14,2024,460,78.0,43.6,27.8,A1,226,224,2,0
L324,nl,2022-09,16,2103,484,78.3,45.2,29.1,A1,240,238,2,0
L324,nl,2022-10,17,2123,504,78.3,46.5,29.9,A1,248,246,2,0
L324,nl,2022-12,18,2160,536,79.3,47.5,31.4,A1,258,256,2,0
L324,nl,2023-02,19,2249,550,79.6,49.3,32.3,A1,270,268,2,0
L324,nl,2023-08,20,2360,630,82.8,53.2,35.8,A1,305,302,3,0
